#
# There is insufficient memory for the Java Runtime Environment to continue.
# Native memory allocation (mmap) failed to map 337641472 bytes. Error detail: G1 virtual space
# Possible reasons:
#   The system is out of physical RAM or swap space
#   This process is running with CompressedOops enabled, and the Java Heap may be blocking the growth of the native heap
# Possible solutions:
#   Reduce memory load on the system
#   Increase physical memory or swap space
#   Check if swap backing store is full
#   Decrease Java heap size (-Xmx/-Xms)
#   Decrease number of Java threads
#   Decrease Java thread stack sizes (-Xss)
#   Set larger code cache with -XX:ReservedCodeCacheSize=
#   JVM is running with Zero Based Compressed Oops mode in which the Java heap is
#     placed in the first 32GB address space. The Java Heap base address is the
#     maximum limit for the native heap growth. Please use -XX:HeapBaseMinAddress
#     to set the Java Heap base and to place the Java Heap above 32GB virtual address.
# This output file may be truncated or incomplete.
#
#  Out of Memory Error (os_windows.cpp:3630), pid=3472, tid=16828
#
# JRE version: OpenJDK Runtime Environment Temurin-17.0.20+8 (17.0.20+8) (build 17.0.20+8)
# Java VM: OpenJDK 64-Bit Server VM Temurin-17.0.20+8 (17.0.20+8, mixed mode, sharing, tiered, compressed oops, compressed class ptrs, g1 gc, windows-amd64)
# No core dump will be written. Minidumps are not enabled by default on client versions of Windows
#

---------------  S U M M A R Y ------------

Command Line: --add-opens=java.base/java.lang=ALL-UNNAMED --add-opens=java.base/java.lang.invoke=ALL-UNNAMED --add-opens=java.base/java.util=ALL-UNNAMED --add-opens=java.prefs/java.util.prefs=ALL-UNNAMED --add-exports=jdk.compiler/com.sun.tools.javac.api=ALL-UNNAMED --add-exports=jdk.compiler/com.sun.tools.javac.util=ALL-UNNAMED --add-opens=java.base/java.util=ALL-UNNAMED --add-opens=java.prefs/java.util.prefs=ALL-UNNAMED --add-opens=java.base/java.nio.charset=ALL-UNNAMED --add-opens=java.base/java.net=ALL-UNNAMED --add-opens=java.base/java.util.concurrent=ALL-UNNAMED --add-opens=java.base/java.util.concurrent.atomic=ALL-UNNAMED --add-opens=java.xml/javax.xml.namespace=ALL-UNNAMED --add-opens=java.base/java.time=ALL-UNNAMED -XX:MaxMetaspaceSize=512m -XX:+UseG1GC -Xmx2560m -Dfile.encoding=windows-1252 -Duser.country=GB -Duser.language=en -Duser.variant -javaagent:C:\Users\Admin\.gradle\wrapper\dists\gradle-9.3.1-bin\23ovyewtku6u96viwx3xl3oks\gradle-9.3.1\lib\agents\gradle-instrumentation-agent-9.3.1.jar org.gradle.launcher.daemon.bootstrap.GradleDaemon 9.3.1

Host: Intel(R) Core(TM) i5-6300U CPU @ 2.40GHz, 4 cores, 15G,  Windows 11 , 64 bit Build 26100 (10.0.26100.2454)
Time: Mon Aug 24 13:36:07 2026 Pakistan Standard Time elapsed time: 398.117819 seconds (0d 0h 6m 38s)

---------------  T H R E A D  ---------------

Current thread (0x000001747fce07f0):  VMThread "VM Thread" [stack: 0x00000021cd900000,0x00000021cda00000] [id=16828]

Stack: [0x00000021cd900000,0x00000021cda00000]
Native frames: (J=compiled Java code, j=interpreted, Vv=VM code, C=native code)
V  [jvm.dll+0x684d39]
V  [jvm.dll+0x83a565]
V  [jvm.dll+0x83bfde]
V  [jvm.dll+0x83c663]
V  [jvm.dll+0x2490cf]
V  [jvm.dll+0x681af9]
V  [jvm.dll+0x6768ba]
V  [jvm.dll+0x309467]
V  [jvm.dll+0x310a56]
V  [jvm.dll+0x360f3e]
V  [jvm.dll+0x36117d]
V  [jvm.dll+0x2e04ec]
V  [jvm.dll+0x2de8c2]
V  [jvm.dll+0x2de05c]
V  [jvm.dll+0x320cab]
V  [jvm.dll+0x840e7d]
V  [jvm.dll+0x841bb3]
V  [jvm.dll+0x8420df]
V  [jvm.dll+0x8424c5]
V  [jvm.dll+0x84258e]
V  [jvm.dll+0x7eb17c]
V  [jvm.dll+0x683c07]
C  [ucrtbase.dll+0x14ea0]
C  [KERNEL32.DLL+0x2e8d7]
C  [ntdll.dll+0xdfbcc]

VM_Operation (0x00000021d00fb650): G1CollectForAllocation, mode: safepoint, requested by thread 0x000001744682ab70


---------------  P R O C E S S  ---------------

Threads class SMR info:
_java_thread_list=0x00000174669cece0, length=88, elements={
0x000001747c03c280, 0x000001747fce5be0, 0x000001747fce82d0, 0x000001747fcfe380,
0x000001747fd00870, 0x000001747fd00d50, 0x000001747fd05240, 0x000001747fd14910,
0x000001747fd16e90, 0x000001741b4190b0, 0x000001747fcd44a0, 0x000001741b598e10,
0x000001743c314380, 0x000001743b29d230, 0x000001741bc66da0, 0x000001743baee600,
0x000001743baed600, 0x000001743c4999e0, 0x000001743c499ef0, 0x000001743c49b330,
0x000001743c49ae20, 0x000001743c4985a0, 0x000001743c49a910, 0x000001743c49a400,
0x000001743c49b840, 0x000001743c498ab0, 0x000001743c498fc0, 0x000001743c498090,
0x000001743c4994d0, 0x000001743d90c570, 0x000001743d90edf0, 0x000001743d90c060,
0x000001743d90e3d0, 0x000001743d910230, 0x000001743d90d9b0, 0x000001743d90fd20,
0x000001743d910740, 0x000001743d90cf90, 0x000001743d910c50, 0x000001743d90d4a0,
0x000001743d911160, 0x000001743d911670, 0x000001743d90dec0, 0x000001743d9134d0,
0x000001743d9125a0, 0x000001743e952e60, 0x000001743e9500d0, 0x000001743e952440,
0x000001743e953d90, 0x000001743e952950, 0x000001743e954cc0, 0x000001743e957030,
0x000001743e956100, 0x000001743e9556e0, 0x000001743dfa5610, 0x000001743dfa2370,
0x000001743dfa1e60, 0x000001743dfa32a0, 0x000001743dfa6a50, 0x000001743dfa7980,
0x0000017446c26a30, 0x0000017446c27960, 0x0000017446c2a6f0, 0x0000017446c2ac00,
0x000001743e9542a0, 0x0000017446c8ba30, 0x0000017446c8d380, 0x0000017446c8c960,
0x0000017446c8d890, 0x0000017446c8e7c0, 0x0000017446c8ecd0, 0x0000017446c8fc00,
0x0000017446c90620, 0x000001744682ab70, 0x00000174405bdba0, 0x000001744177e1d0,
0x00000174405c60d0, 0x00000174405c2920, 0x00000174405c3d60, 0x000001744682a150,
0x0000017446b3aaa0, 0x00000174405c4780, 0x00000174405c4c90, 0x00000174405c3850,
0x0000017446b3c3f0, 0x00000174405bc760, 0x000001744177f100, 0x000001745e6802e0
}

Java Threads: ( => current thread )
  0x000001747c03c280 JavaThread "main" [_thread_blocked, id=2108, stack(0x00000021cd300000,0x00000021cd400000)]
  0x000001747fce5be0 JavaThread "Reference Handler" daemon [_thread_blocked, id=1664, stack(0x00000021cda00000,0x00000021cdb00000)]
  0x000001747fce82d0 JavaThread "Finalizer" daemon [_thread_blocked, id=13596, stack(0x00000021cdb00000,0x00000021cdc00000)]
  0x000001747fcfe380 JavaThread "Signal Dispatcher" daemon [_thread_blocked, id=5888, stack(0x00000021cdc00000,0x00000021cdd00000)]
  0x000001747fd00870 JavaThread "Attach Listener" daemon [_thread_blocked, id=5700, stack(0x00000021cdd00000,0x00000021cde00000)]
  0x000001747fd00d50 JavaThread "Service Thread" daemon [_thread_blocked, id=17716, stack(0x00000021cde00000,0x00000021cdf00000)]
  0x000001747fd05240 JavaThread "Monitor Deflation Thread" daemon [_thread_blocked, id=14564, stack(0x00000021cdf00000,0x00000021ce000000)]
  0x000001747fd14910 JavaThread "C2 CompilerThread0" daemon [_thread_blocked, id=696, stack(0x00000021ce000000,0x00000021ce100000)]
  0x000001747fd16e90 JavaThread "C1 CompilerThread0" daemon [_thread_blocked, id=8860, stack(0x00000021ce100000,0x00000021ce200000)]
  0x000001741b4190b0 JavaThread "Sweeper thread" daemon [_thread_blocked, id=6532, stack(0x00000021ce200000,0x00000021ce300000)]
  0x000001747fcd44a0 JavaThread "Common-Cleaner" daemon [_thread_blocked, id=16936, stack(0x00000021ce300000,0x00000021ce400000)]
  0x000001741b598e10 JavaThread "Notification Thread" daemon [_thread_blocked, id=17776, stack(0x00000021ce400000,0x00000021ce500000)]
  0x000001743c314380 JavaThread "Daemon health stats" [_thread_blocked, id=7576, stack(0x00000021cea00000,0x00000021ceb00000)]
  0x000001743b29d230 JavaThread "Incoming local TCP Connector on port 62606" [_thread_in_native, id=16928, stack(0x00000021ceb00000,0x00000021cec00000)]
  0x000001741bc66da0 JavaThread "Daemon periodic checks" [_thread_blocked, id=18420, stack(0x00000021cec00000,0x00000021ced00000)]
  0x000001743baee600 JavaThread "Daemon" [_thread_blocked, id=11644, stack(0x00000021ced00000,0x00000021cee00000)]
  0x000001743baed600 JavaThread "Handler for socket connection from /127.0.0.1:62606 to /127.0.0.1:62607" [_thread_in_native, id=7680, stack(0x00000021cee00000,0x00000021cef00000)]
  0x000001743c4999e0 JavaThread "Cancel handler" [_thread_blocked, id=4216, stack(0x00000021cef00000,0x00000021cf000000)]
  0x000001743c499ef0 JavaThread "Daemon worker" [_thread_blocked, id=14720, stack(0x00000021cf000000,0x00000021cf100000)]
  0x000001743c49b330 JavaThread "Asynchronous log dispatcher for DefaultDaemonConnection: socket connection from /127.0.0.1:62606 to /127.0.0.1:62607" [_thread_blocked, id=16424, stack(0x00000021cf100000,0x00000021cf200000)]
  0x000001743c49ae20 JavaThread "Stdin handler" [_thread_blocked, id=11956, stack(0x00000021cf200000,0x00000021cf300000)]
  0x000001743c4985a0 JavaThread "Daemon client event forwarder" [_thread_blocked, id=15196, stack(0x00000021cf300000,0x00000021cf400000)]
  0x000001743c49a910 JavaThread "Cache worker for journal cache (C:\Users\Admin\.gradle\caches\journal-1)" [_thread_blocked, id=15540, stack(0x00000021ce600000,0x00000021ce700000)]
  0x000001743c49a400 JavaThread "File lock request listener" [_thread_in_native, id=14584, stack(0x00000021cf400000,0x00000021cf500000)]
  0x000001743c49b840 JavaThread "Cache worker for file hash cache (C:\Users\Admin\.gradle\caches\9.3.1\fileHashes)" [_thread_blocked, id=7696, stack(0x00000021cf500000,0x00000021cf600000)]
  0x000001743c498ab0 JavaThread "Cache worker for file hash cache (C:\Users\Admin\Desktop\Attendance Manager React\android\.gradle\9.3.1\fileHashes)" [_thread_blocked, id=7384, stack(0x00000021cf700000,0x00000021cf800000)]
  0x000001743c498fc0 JavaThread "Cache worker for Build Output Cleanup Cache (C:\Users\Admin\Desktop\Attendance Manager React\android\.gradle\buildOutputCleanup)" [_thread_blocked, id=5436, stack(0x00000021cf800000,0x00000021cf900000)]
  0x000001743c498090 JavaThread "File watcher server" daemon [_thread_blocked, id=6056, stack(0x00000021cf900000,0x00000021cfa00000)]
  0x000001743c4994d0 JavaThread "File watcher consumer" daemon [_thread_blocked, id=8108, stack(0x00000021cfa00000,0x00000021cfb00000)]
  0x000001743d90c570 JavaThread "Cache worker for checksums cache (C:\Users\Admin\Desktop\Attendance Manager React\android\.gradle\9.3.1\checksums)" [_thread_blocked, id=11360, stack(0x00000021cfb00000,0x00000021cfc00000)]
  0x000001743d90edf0 JavaThread "Cache worker for file content cache (C:\Users\Admin\.gradle\caches\9.3.1\fileContent)" [_thread_blocked, id=8184, stack(0x00000021cfc00000,0x00000021cfd00000)]
  0x000001743d90c060 JavaThread "Cache worker for cache directory md-supplier (C:\Users\Admin\.gradle\caches\9.3.1\md-supplier)" [_thread_blocked, id=17040, stack(0x00000021cfd00000,0x00000021cfe00000)]
  0x000001743d90e3d0 JavaThread "Cache worker for cache directory md-rule (C:\Users\Admin\.gradle\caches\9.3.1\md-rule)" [_thread_blocked, id=7612, stack(0x00000021cfe00000,0x00000021cff00000)]
  0x000001743d910230 JavaThread "jar transforms" [_thread_blocked, id=7824, stack(0x00000021cff00000,0x00000021d0000000)]
  0x000001743d90d9b0 JavaThread "Cache worker for Build Output Cleanup Cache (C:\Users\Admin\Desktop\Attendance Manager React\node_modules\@react-native\gradle-plugin\.gradle\buildOutputCleanup)" [_thread_blocked, id=16244, stack(0x00000021d0300000,0x00000021d0400000)]
  0x000001743d90fd20 JavaThread "Unconstrained build operations" [_thread_blocked, id=13964, stack(0x00000021d0600000,0x00000021d0700000)]
  0x000001743d910740 JavaThread "Unconstrained build operations Thread 2" [_thread_blocked, id=17656, stack(0x00000021d0700000,0x00000021d0800000)]
  0x000001743d90cf90 JavaThread "Unconstrained build operations Thread 3" [_thread_blocked, id=14800, stack(0x00000021d0800000,0x00000021d0900000)]
  0x000001743d910c50 JavaThread "Cache worker for Build Output Cleanup Cache (C:\Users\Admin\Desktop\Attendance Manager React\node_modules\expo-modules-autolinking\android\expo-gradle-plugin\.gradle\buildOutputCleanup)" [_thread_blocked, id=4528, stack(0x00000021cf600000,0x00000021cf700000)]
  0x000001743d90d4a0 JavaThread "Unconstrained build operations Thread 4" [_thread_blocked, id=13684, stack(0x00000021d0a00000,0x00000021d0b00000)]
  0x000001743d911160 JavaThread "Unconstrained build operations Thread 5" [_thread_blocked, id=14524, stack(0x00000021d0b00000,0x00000021d0c00000)]
  0x000001743d911670 JavaThread "Unconstrained build operations Thread 6" [_thread_blocked, id=7328, stack(0x00000021d0c00000,0x00000021d0d00000)]
  0x000001743d90dec0 JavaThread "build event listener" [_thread_blocked, id=6376, stack(0x00000021d0d00000,0x00000021d0e00000)]
  0x000001743d9134d0 JavaThread "Memory manager" [_thread_blocked, id=8516, stack(0x00000021d0e00000,0x00000021d0f00000)]
  0x000001743d9125a0 JavaThread "Problems report writer" [_thread_blocked, id=17824, stack(0x00000021d0f00000,0x00000021d1000000)]
  0x000001743e952e60 JavaThread "Unconstrained build operations Thread 7" [_thread_blocked, id=13140, stack(0x00000021d1000000,0x00000021d1100000)]
  0x000001743e9500d0 JavaThread "build event listener" [_thread_blocked, id=12524, stack(0x00000021d1100000,0x00000021d1200000)]
  0x000001743e952440 JavaThread "Unconstrained build operations Thread 8" [_thread_blocked, id=16892, stack(0x00000021d1200000,0x00000021d1300000)]
  0x000001743e953d90 JavaThread "Unconstrained build operations Thread 9" [_thread_blocked, id=16604, stack(0x00000021d1300000,0x00000021d1400000)]
  0x000001743e952950 JavaThread "Unconstrained build operations Thread 10" [_thread_blocked, id=12612, stack(0x00000021d1400000,0x00000021d1500000)]
  0x000001743e954cc0 JavaThread "included builds Thread 2" [_thread_blocked, id=16588, stack(0x00000021d1900000,0x00000021d1a00000)]
  0x000001743e957030 JavaThread "Cache worker for execution history cache (C:\Users\Admin\Desktop\Attendance Manager React\node_modules\expo-modules-autolinking\android\expo-gradle-plugin\.gradle\9.3.1\executionHistory)" [_thread_blocked, id=17692, stack(0x00000021d1a00000,0x00000021d1b00000)]
  0x000001743e956100 JavaThread "Cache worker for execution history cache (C:\Users\Admin\Desktop\Attendance Manager React\node_modules\@react-native\gradle-plugin\.gradle\9.3.1\executionHistory)" [_thread_blocked, id=7672, stack(0x00000021d1b00000,0x00000021d1c00000)]
  0x000001743e9556e0 JavaThread "jar transforms Thread 2" [_thread_blocked, id=17200, stack(0x00000021d1c00000,0x00000021d1d00000)]
  0x000001743dfa5610 JavaThread "Cache worker for Build Output Cleanup Cache (C:\Users\Admin\Desktop\Attendance Manager React\node_modules\expo-modules-core\expo-module-gradle-plugin\.gradle\buildOutputCleanup)" [_thread_blocked, id=6088, stack(0x00000021d0900000,0x00000021d0a00000)]
  0x000001743dfa2370 JavaThread "build event listener" [_thread_blocked, id=6592, stack(0x00000021d1e00000,0x00000021d1f00000)]
  0x000001743dfa1e60 JavaThread "jar transforms Thread 3" [_thread_blocked, id=6408, stack(0x00000021cd100000,0x00000021cd200000)]
  0x000001743dfa32a0 JavaThread "Cache worker for execution history cache (C:\Users\Admin\Desktop\Attendance Manager React\node_modules\expo-modules-core\expo-module-gradle-plugin\.gradle\9.3.1\executionHistory)" [_thread_blocked, id=14656, stack(0x00000021d2000000,0x00000021d2100000)]
  0x000001743dfa6a50 JavaThread "jar transforms Thread 4" [_thread_blocked, id=14600, stack(0x00000021d1d00000,0x00000021d1e00000)]
  0x000001743dfa7980 JavaThread "build event listener" [_thread_blocked, id=16592, stack(0x00000021d2400000,0x00000021d2500000)]
  0x0000017446c26a30 JavaThread "Cache worker for execution history cache (C:\Users\Admin\Desktop\Attendance Manager React\android\.gradle\9.3.1\executionHistory)" [_thread_blocked, id=15320, stack(0x00000021d2500000,0x00000021d2600000)]
  0x0000017446c27960 JavaThread "pool-3-thread-1" [_thread_blocked, id=10920, stack(0x00000021d1500000,0x00000021d1600000)]
  0x0000017446c2a6f0 JavaThread "stderr" [_thread_in_native, id=5312, stack(0x00000021d1700000,0x00000021d1800000)]
  0x0000017446c2ac00 JavaThread "stdout" [_thread_in_native, id=10900, stack(0x00000021d1800000,0x00000021d1900000)]
  0x000001743e9542a0 JavaThread "RMI Scheduler(0)" daemon [_thread_blocked, id=10360, stack(0x00000021cd000000,0x00000021cd100000)]
  0x0000017446c8ba30 JavaThread "RMI GC Daemon" daemon [_thread_blocked, id=15572, stack(0x00000021d2100000,0x00000021d2200000)]
  0x0000017446c8d380 JavaThread "RMI TCP Accept-0" daemon [_thread_in_native, id=5784, stack(0x00000021d2300000,0x00000021d2400000)]
  0x0000017446c8c960 JavaThread "RMI Reaper" [_thread_blocked, id=13616, stack(0x00000021d2600000,0x00000021d2700000)]
  0x0000017446c8d890 JavaThread "Cache worker for Java compile cache (C:\Users\Admin\.gradle\caches\9.3.1\javaCompile)" [_thread_blocked, id=10480, stack(0x00000021d2800000,0x00000021d2900000)]
  0x0000017446c8e7c0 JavaThread "Build operations" [_thread_blocked, id=17436, stack(0x00000021d1600000,0x00000021d1700000)]
  0x0000017446c8ecd0 JavaThread "ForkJoinPool-1-worker-1" daemon [_thread_blocked, id=2256, stack(0x00000021d0100000,0x00000021d0200000)]
  0x0000017446c8fc00 JavaThread "ForkJoinPool-1-worker-3" daemon [_thread_blocked, id=13488, stack(0x00000021d1f00000,0x00000021d2000000)]
  0x0000017446c90620 JavaThread "ForkJoinPool-1-worker-4" daemon [_thread_blocked, id=2408, stack(0x00000021d2200000,0x00000021d2300000)]
  0x000001744682ab70 JavaThread "WorkerExecutor Queue Thread 4" [_thread_blocked, id=15760, stack(0x00000021d0000000,0x00000021d0100000)]
  0x00000174405bdba0 JavaThread "Exec process Thread 4" [_thread_blocked, id=15004, stack(0x00000021d2700000,0x00000021d2800000)]
  0x000001744177e1d0 JavaThread "Exec process Thread 5" [_thread_blocked, id=11540, stack(0x00000021d2900000,0x00000021d2a00000)]
  0x00000174405c60d0 JavaThread "Exec process Thread 6" [_thread_blocked, id=6364, stack(0x00000021d2d00000,0x00000021d2e00000)]
  0x00000174405c2920 JavaThread "Java2D Disposer" daemon [_thread_blocked, id=11584, stack(0x00000021cd200000,0x00000021cd300000)]
  0x00000174405c3d60 JavaThread "AWT-Windows" daemon [_thread_in_native, id=10264, stack(0x00000021d2f00000,0x00000021d3000000)]
  0x000001744682a150 JavaThread "DefaultDispatcher-worker-1" daemon [_thread_blocked, id=1668, stack(0x00000021d3200000,0x00000021d3300000)]
  0x0000017446b3aaa0 JavaThread "DefaultDispatcher-worker-2" daemon [_thread_blocked, id=6044, stack(0x00000021d3300000,0x00000021d3400000)]
  0x00000174405c4780 JavaThread "DefaultDispatcher-worker-3" daemon [_thread_blocked, id=7444, stack(0x00000021d3400000,0x00000021d3500000)]
  0x00000174405c4c90 JavaThread "DefaultDispatcher-worker-4" daemon [_thread_blocked, id=6484, stack(0x00000021d3500000,0x00000021d3600000)]
  0x00000174405c3850 JavaThread "Periodic tasks thread" daemon [_thread_blocked, id=15400, stack(0x00000021d3100000,0x00000021d3200000)]
  0x0000017446b3c3f0 JavaThread "ApplicationImpl pooled thread 1" [_thread_blocked, id=13404, stack(0x00000021d3600000,0x00000021d3700000)]
  0x00000174405bc760 JavaThread "ForkJoinPool.commonPool-worker-4" daemon [_thread_blocked, id=14128, stack(0x00000021d2e00000,0x00000021d2f00000)]
  0x000001744177f100 JavaThread "ForkJoinPool.commonPool-worker-5" daemon [_thread_blocked, id=1704, stack(0x00000021d3800000,0x00000021d3900000)]
  0x000001745e6802e0 JavaThread "ForkJoinPool.commonPool-worker-6" daemon [_thread_blocked, id=6124, stack(0x00000021d3900000,0x00000021d3a00000)]

Other Threads:
=>0x000001747fce07f0 VMThread "VM Thread" [stack: 0x00000021cd900000,0x00000021cda00000] [id=16828]
  0x000001747c03cdb0 WatcherThread [stack: 0x00000021ce500000,0x00000021ce600000] [id=14684]
  0x000001747c08dce0 GCTaskThread "GC Thread#0" [stack: 0x00000021cd400000,0x00000021cd500000] [id=11116]
  0x000001741b7a9ac0 GCTaskThread "GC Thread#1" [stack: 0x00000021ce700000,0x00000021ce800000] [id=10612]
  0x000001741b819040 GCTaskThread "GC Thread#2" [stack: 0x00000021ce800000,0x00000021ce900000] [id=12836]
  0x000001741b819300 GCTaskThread "GC Thread#3" [stack: 0x00000021ce900000,0x00000021cea00000] [id=16612]
  0x000001747c098ca0 ConcurrentGCThread "G1 Main Marker" [stack: 0x00000021cd500000,0x00000021cd600000] [id=17924]
  0x000001747c09b060 ConcurrentGCThread "G1 Conc#0" [stack: 0x00000021cd600000,0x00000021cd700000] [id=7676]
  0x000001747c0e5960 ConcurrentGCThread "G1 Refine#0" [stack: 0x00000021cd700000,0x00000021cd800000] [id=14764]
  0x000001743d5ff260 ConcurrentGCThread "G1 Refine#1" [stack: 0x00000021d0400000,0x00000021d0500000] [id=13564]
  0x000001743f1c2b10 ConcurrentGCThread "G1 Refine#2" [stack: 0x00000021d0500000,0x00000021d0600000] [id=4708]
  0x00000174406454f0 ConcurrentGCThread "G1 Refine#3" [stack: 0x00000021d2a00000,0x00000021d2b00000] [id=2460]
  0x000001747fba20d0 ConcurrentGCThread "G1 Service" [stack: 0x00000021cd800000,0x00000021cd900000] [id=13160]

Threads with active compile tasks:

VM state: at safepoint (normal execution)

VM Mutex/Monitor currently owned by a thread:  ([mutex/lock_event])
[0x0000017479edd440] Threads_lock - owner thread: 0x000001747fce07f0
[0x000001747c038450] Heap_lock - owner thread: 0x000001744682ab70

Heap address: 0x0000000760000000, size: 2560 MB, Compressed Oops mode: Zero based, Oop shift amount: 3

CDS archive(s) mapped at: [0x000001741c000000-0x000001741cbb0000-0x000001741cbb0000), size 12255232, SharedBaseAddress: 0x000001741c000000, ArchiveRelocationMode: 1.
Compressed class space mapped at: 0x000001741d000000-0x0000017437000000, reserved size: 436207616
Narrow klass base: 0x000001741c000000, Narrow klass shift: 0, Narrow klass range: 0x100000000

GC Precious Log:
 CPUs: 4 total, 4 available
 Memory: 16287M
 Large Page Support: Disabled
 NUMA Support: Disabled
 Compressed Oops: Enabled (Zero based)
 Heap Region Size: 2M
 Heap Min Capacity: 8M
 Heap Initial Capacity: 256M
 Heap Max Capacity: 2560M
 Pre-touch: Disabled
 Parallel Workers: 4
 Concurrent Workers: 1
 Concurrent Refinement Workers: 4
 Periodic GC: Disabled

Heap:
 garbage-first heap   total 1413120K, used 657408K [0x0000000760000000, 0x0000000800000000)
  region size 2048K, 23 young (47104K), 23 survivors (47104K)
 Metaspace       used 294739K, committed 297344K, reserved 688128K
  class space    used 37236K, committed 38528K, reserved 425984K

Heap Regions: E=young(eden), S=young(survivor), O=old, HS=humongous(starts), HC=humongous(continues), CS=collection set, F=free, OA=open archive, CA=closed archive, TAMS=top-at-mark-start (previous, next)
|   0|0x0000000760000000, 0x0000000760200000, 0x0000000760200000|100%| O|  |TAMS 0x0000000760200000, 0x0000000760200000| Untracked 
|   1|0x0000000760200000, 0x0000000760400000, 0x0000000760400000|100%|HS|  |TAMS 0x0000000760400000, 0x0000000760400000| Complete 
|   2|0x0000000760400000, 0x0000000760600000, 0x0000000760600000|100%|HC|  |TAMS 0x0000000760600000, 0x0000000760600000| Complete 
|   3|0x0000000760600000, 0x0000000760800000, 0x0000000760800000|100%| O|  |TAMS 0x0000000760800000, 0x0000000760800000| Untracked 
|   4|0x0000000760800000, 0x0000000760a00000, 0x0000000760a00000|100%| O|  |TAMS 0x0000000760a00000, 0x0000000760a00000| Untracked 
|   5|0x0000000760a00000, 0x0000000760c00000, 0x0000000760c00000|100%| O|  |TAMS 0x0000000760c00000, 0x0000000760c00000| Untracked 
|   6|0x0000000760c00000, 0x0000000760e00000, 0x0000000760e00000|100%| O|  |TAMS 0x0000000760e00000, 0x0000000760e00000| Untracked 
|   7|0x0000000760e00000, 0x0000000761000000, 0x0000000761000000|100%| O|  |TAMS 0x0000000761000000, 0x0000000761000000| Untracked 
|   8|0x0000000761000000, 0x0000000761200000, 0x0000000761200000|100%| O|  |TAMS 0x0000000761200000, 0x0000000761200000| Untracked 
|   9|0x0000000761200000, 0x0000000761400000, 0x0000000761400000|100%| O|  |TAMS 0x0000000761400000, 0x0000000761400000| Untracked 
|  10|0x0000000761400000, 0x0000000761600000, 0x0000000761600000|100%| O|  |TAMS 0x0000000761600000, 0x0000000761600000| Untracked 
|  11|0x0000000761600000, 0x0000000761800000, 0x0000000761800000|100%| O|  |TAMS 0x0000000761800000, 0x0000000761800000| Untracked 
|  12|0x0000000761800000, 0x0000000761a00000, 0x0000000761a00000|100%| O|  |TAMS 0x0000000761a00000, 0x0000000761a00000| Untracked 
|  13|0x0000000761a00000, 0x0000000761c00000, 0x0000000761c00000|100%| O|  |TAMS 0x0000000761c00000, 0x0000000761c00000| Untracked 
|  14|0x0000000761c00000, 0x0000000761e00000, 0x0000000761e00000|100%| O|  |TAMS 0x0000000761e00000, 0x0000000761e00000| Untracked 
|  15|0x0000000761e00000, 0x0000000762000000, 0x0000000762000000|100%| O|  |TAMS 0x0000000762000000, 0x0000000762000000| Untracked 
|  16|0x0000000762000000, 0x0000000762200000, 0x0000000762200000|100%| O|  |TAMS 0x0000000762200000, 0x0000000762200000| Untracked 
|  17|0x0000000762200000, 0x0000000762400000, 0x0000000762400000|100%|HS|  |TAMS 0x0000000762400000, 0x0000000762400000| Complete 
|  18|0x0000000762400000, 0x0000000762600000, 0x0000000762600000|100%|HC|  |TAMS 0x0000000762600000, 0x0000000762600000| Complete 
|  19|0x0000000762600000, 0x0000000762800000, 0x0000000762800000|100%|HS|  |TAMS 0x0000000762800000, 0x0000000762800000| Complete 
|  20|0x0000000762800000, 0x0000000762a00000, 0x0000000762a00000|100%|HC|  |TAMS 0x0000000762a00000, 0x0000000762a00000| Complete 
|  21|0x0000000762a00000, 0x0000000762c00000, 0x0000000762c00000|100%| O|  |TAMS 0x0000000762c00000, 0x0000000762c00000| Untracked 
|  22|0x0000000762c00000, 0x0000000762e00000, 0x0000000762e00000|100%| O|  |TAMS 0x0000000762e00000, 0x0000000762e00000| Untracked 
|  23|0x0000000762e00000, 0x0000000763000000, 0x0000000763000000|100%| O|  |TAMS 0x0000000763000000, 0x0000000763000000| Untracked 
|  24|0x0000000763000000, 0x0000000763200000, 0x0000000763200000|100%| O|  |TAMS 0x0000000763200000, 0x0000000763200000| Untracked 
|  25|0x0000000763200000, 0x0000000763400000, 0x0000000763400000|100%| O|  |TAMS 0x0000000763400000, 0x0000000763400000| Untracked 
|  26|0x0000000763400000, 0x0000000763600000, 0x0000000763600000|100%| O|  |TAMS 0x0000000763600000, 0x0000000763600000| Untracked 
|  27|0x0000000763600000, 0x0000000763800000, 0x0000000763800000|100%| O|  |TAMS 0x0000000763800000, 0x0000000763800000| Untracked 
|  28|0x0000000763800000, 0x0000000763a00000, 0x0000000763a00000|100%| O|  |TAMS 0x0000000763a00000, 0x0000000763a00000| Untracked 
|  29|0x0000000763a00000, 0x0000000763c00000, 0x0000000763c00000|100%| O|  |TAMS 0x0000000763c00000, 0x0000000763c00000| Untracked 
|  30|0x0000000763c00000, 0x0000000763e00000, 0x0000000763e00000|100%| O|  |TAMS 0x0000000763e00000, 0x0000000763e00000| Untracked 
|  31|0x0000000763e00000, 0x0000000764000000, 0x0000000764000000|100%| O|  |TAMS 0x0000000764000000, 0x0000000764000000| Untracked 
|  32|0x0000000764000000, 0x0000000764200000, 0x0000000764200000|100%| O|  |TAMS 0x0000000764200000, 0x0000000764200000| Untracked 
|  33|0x0000000764200000, 0x0000000764400000, 0x0000000764400000|100%| O|  |TAMS 0x0000000764400000, 0x0000000764400000| Untracked 
|  34|0x0000000764400000, 0x0000000764600000, 0x0000000764600000|100%| O|  |TAMS 0x0000000764600000, 0x0000000764600000| Untracked 
|  35|0x0000000764600000, 0x0000000764800000, 0x0000000764800000|100%| O|  |TAMS 0x0000000764800000, 0x0000000764800000| Untracked 
|  36|0x0000000764800000, 0x0000000764a00000, 0x0000000764a00000|100%| O|  |TAMS 0x0000000764a00000, 0x0000000764a00000| Untracked 
|  37|0x0000000764a00000, 0x0000000764c00000, 0x0000000764c00000|100%| O|  |TAMS 0x0000000764c00000, 0x0000000764c00000| Untracked 
|  38|0x0000000764c00000, 0x0000000764e00000, 0x0000000764e00000|100%| O|  |TAMS 0x0000000764e00000, 0x0000000764e00000| Untracked 
|  39|0x0000000764e00000, 0x0000000765000000, 0x0000000765000000|100%| O|  |TAMS 0x0000000765000000, 0x0000000765000000| Untracked 
|  40|0x0000000765000000, 0x0000000765200000, 0x0000000765200000|100%| O|  |TAMS 0x0000000765200000, 0x0000000765200000| Untracked 
|  41|0x0000000765200000, 0x0000000765400000, 0x0000000765400000|100%| O|  |TAMS 0x0000000765400000, 0x0000000765400000| Untracked 
|  42|0x0000000765400000, 0x0000000765600000, 0x0000000765600000|100%| O|  |TAMS 0x0000000765600000, 0x0000000765600000| Untracked 
|  43|0x0000000765600000, 0x0000000765800000, 0x0000000765800000|100%| O|  |TAMS 0x0000000765800000, 0x0000000765800000| Untracked 
|  44|0x0000000765800000, 0x0000000765a00000, 0x0000000765a00000|100%| O|  |TAMS 0x0000000765a00000, 0x0000000765a00000| Untracked 
|  45|0x0000000765a00000, 0x0000000765c00000, 0x0000000765c00000|100%| O|  |TAMS 0x0000000765c00000, 0x0000000765c00000| Untracked 
|  46|0x0000000765c00000, 0x0000000765e00000, 0x0000000765e00000|100%| O|  |TAMS 0x0000000765e00000, 0x0000000765e00000| Untracked 
|  47|0x0000000765e00000, 0x0000000766000000, 0x0000000766000000|100%| O|  |TAMS 0x0000000766000000, 0x0000000766000000| Untracked 
|  48|0x0000000766000000, 0x0000000766200000, 0x0000000766200000|100%| O|  |TAMS 0x0000000766200000, 0x0000000766200000| Untracked 
|  49|0x0000000766200000, 0x0000000766400000, 0x0000000766400000|100%| O|  |TAMS 0x0000000766400000, 0x0000000766400000| Untracked 
|  50|0x0000000766400000, 0x0000000766600000, 0x0000000766600000|100%| O|  |TAMS 0x0000000766600000, 0x0000000766600000| Untracked 
|  51|0x0000000766600000, 0x0000000766800000, 0x0000000766800000|100%| O|  |TAMS 0x0000000766800000, 0x0000000766800000| Untracked 
|  52|0x0000000766800000, 0x0000000766a00000, 0x0000000766a00000|100%| O|  |TAMS 0x0000000766a00000, 0x0000000766a00000| Untracked 
|  53|0x0000000766a00000, 0x0000000766c00000, 0x0000000766c00000|100%| O|  |TAMS 0x0000000766c00000, 0x0000000766c00000| Untracked 
|  54|0x0000000766c00000, 0x0000000766e00000, 0x0000000766e00000|100%|HS|  |TAMS 0x0000000766e00000, 0x0000000766e00000| Complete 
|  55|0x0000000766e00000, 0x0000000767000000, 0x0000000767000000|100%|HC|  |TAMS 0x0000000767000000, 0x0000000767000000| Complete 
|  56|0x0000000767000000, 0x0000000767200000, 0x0000000767200000|100%|HS|  |TAMS 0x0000000767200000, 0x0000000767200000| Complete 
|  57|0x0000000767200000, 0x0000000767400000, 0x0000000767400000|100%| O|  |TAMS 0x0000000767400000, 0x0000000767400000| Untracked 
|  58|0x0000000767400000, 0x0000000767600000, 0x0000000767600000|100%| O|  |TAMS 0x0000000767600000, 0x0000000767600000| Untracked 
|  59|0x0000000767600000, 0x0000000767800000, 0x0000000767800000|100%| O|  |TAMS 0x0000000767800000, 0x0000000767800000| Untracked 
|  60|0x0000000767800000, 0x0000000767a00000, 0x0000000767a00000|100%| O|  |TAMS 0x0000000767a00000, 0x0000000767a00000| Untracked 
|  61|0x0000000767a00000, 0x0000000767c00000, 0x0000000767c00000|100%| O|  |TAMS 0x0000000767c00000, 0x0000000767c00000| Untracked 
|  62|0x0000000767c00000, 0x0000000767e00000, 0x0000000767e00000|100%| O|  |TAMS 0x0000000767e00000, 0x0000000767e00000| Untracked 
|  63|0x0000000767e00000, 0x0000000768000000, 0x0000000768000000|100%| O|  |TAMS 0x0000000768000000, 0x0000000768000000| Untracked 
|  64|0x0000000768000000, 0x0000000768200000, 0x0000000768200000|100%| O|  |TAMS 0x0000000768200000, 0x0000000768200000| Untracked 
|  65|0x0000000768200000, 0x0000000768400000, 0x0000000768400000|100%| O|  |TAMS 0x0000000768400000, 0x0000000768400000| Untracked 
|  66|0x0000000768400000, 0x0000000768600000, 0x0000000768600000|100%| O|  |TAMS 0x0000000768600000, 0x0000000768600000| Untracked 
|  67|0x0000000768600000, 0x0000000768800000, 0x0000000768800000|100%| O|  |TAMS 0x0000000768800000, 0x0000000768800000| Untracked 
|  68|0x0000000768800000, 0x0000000768a00000, 0x0000000768a00000|100%| O|  |TAMS 0x0000000768a00000, 0x0000000768a00000| Untracked 
|  69|0x0000000768a00000, 0x0000000768c00000, 0x0000000768c00000|100%| O|  |TAMS 0x0000000768c00000, 0x0000000768c00000| Untracked 
|  70|0x0000000768c00000, 0x0000000768e00000, 0x0000000768e00000|100%| O|  |TAMS 0x0000000768e00000, 0x0000000768e00000| Untracked 
|  71|0x0000000768e00000, 0x0000000769000000, 0x0000000769000000|100%| O|  |TAMS 0x0000000769000000, 0x0000000769000000| Untracked 
|  72|0x0000000769000000, 0x0000000769200000, 0x0000000769200000|100%| O|  |TAMS 0x0000000769200000, 0x0000000769200000| Untracked 
|  73|0x0000000769200000, 0x0000000769400000, 0x0000000769400000|100%| O|  |TAMS 0x0000000769400000, 0x0000000769400000| Untracked 
|  74|0x0000000769400000, 0x0000000769600000, 0x0000000769600000|100%| O|  |TAMS 0x0000000769600000, 0x0000000769600000| Untracked 
|  75|0x0000000769600000, 0x0000000769800000, 0x0000000769800000|100%| O|  |TAMS 0x0000000769800000, 0x0000000769800000| Untracked 
|  76|0x0000000769800000, 0x0000000769a00000, 0x0000000769a00000|100%| O|  |TAMS 0x0000000769a00000, 0x0000000769a00000| Untracked 
|  77|0x0000000769a00000, 0x0000000769c00000, 0x0000000769c00000|100%| O|  |TAMS 0x0000000769c00000, 0x0000000769c00000| Untracked 
|  78|0x0000000769c00000, 0x0000000769e00000, 0x0000000769e00000|100%| O|  |TAMS 0x0000000769e00000, 0x0000000769e00000| Untracked 
|  79|0x0000000769e00000, 0x000000076a000000, 0x000000076a000000|100%| O|  |TAMS 0x000000076a000000, 0x000000076a000000| Untracked 
|  80|0x000000076a000000, 0x000000076a200000, 0x000000076a200000|100%| O|  |TAMS 0x000000076a200000, 0x000000076a200000| Untracked 
|  81|0x000000076a200000, 0x000000076a400000, 0x000000076a400000|100%| O|  |TAMS 0x000000076a400000, 0x000000076a400000| Untracked 
|  82|0x000000076a400000, 0x000000076a600000, 0x000000076a600000|100%| O|  |TAMS 0x000000076a600000, 0x000000076a600000| Untracked 
|  83|0x000000076a600000, 0x000000076a800000, 0x000000076a800000|100%| O|  |TAMS 0x000000076a800000, 0x000000076a800000| Untracked 
|  84|0x000000076a800000, 0x000000076aa00000, 0x000000076aa00000|100%| O|  |TAMS 0x000000076aa00000, 0x000000076aa00000| Untracked 
|  85|0x000000076aa00000, 0x000000076ac00000, 0x000000076ac00000|100%| O|  |TAMS 0x000000076ac00000, 0x000000076ac00000| Untracked 
|  86|0x000000076ac00000, 0x000000076ae00000, 0x000000076ae00000|100%| O|  |TAMS 0x000000076ae00000, 0x000000076ae00000| Untracked 
|  87|0x000000076ae00000, 0x000000076b000000, 0x000000076b000000|100%| O|  |TAMS 0x000000076b000000, 0x000000076b000000| Untracked 
|  88|0x000000076b000000, 0x000000076b200000, 0x000000076b200000|100%| O|  |TAMS 0x000000076b200000, 0x000000076b200000| Untracked 
|  89|0x000000076b200000, 0x000000076b400000, 0x000000076b400000|100%| O|  |TAMS 0x000000076b400000, 0x000000076b400000| Untracked 
|  90|0x000000076b400000, 0x000000076b600000, 0x000000076b600000|100%| O|  |TAMS 0x000000076b600000, 0x000000076b600000| Untracked 
|  91|0x000000076b600000, 0x000000076b800000, 0x000000076b800000|100%| O|  |TAMS 0x000000076b800000, 0x000000076b800000| Untracked 
|  92|0x000000076b800000, 0x000000076ba00000, 0x000000076ba00000|100%| O|  |TAMS 0x000000076ba00000, 0x000000076ba00000| Untracked 
|  93|0x000000076ba00000, 0x000000076bc00000, 0x000000076bc00000|100%| O|  |TAMS 0x000000076bc00000, 0x000000076bc00000| Untracked 
|  94|0x000000076bc00000, 0x000000076be00000, 0x000000076be00000|100%| O|  |TAMS 0x000000076be00000, 0x000000076be00000| Untracked 
|  95|0x000000076be00000, 0x000000076c000000, 0x000000076c000000|100%| O|  |TAMS 0x000000076c000000, 0x000000076c000000| Untracked 
|  96|0x000000076c000000, 0x000000076c200000, 0x000000076c200000|100%| O|  |TAMS 0x000000076c200000, 0x000000076c200000| Untracked 
|  97|0x000000076c200000, 0x000000076c400000, 0x000000076c400000|100%| O|  |TAMS 0x000000076c400000, 0x000000076c400000| Untracked 
|  98|0x000000076c400000, 0x000000076c600000, 0x000000076c600000|100%| O|  |TAMS 0x000000076c600000, 0x000000076c600000| Untracked 
|  99|0x000000076c600000, 0x000000076c800000, 0x000000076c800000|100%| O|  |TAMS 0x000000076c800000, 0x000000076c800000| Untracked 
| 100|0x000000076c800000, 0x000000076ca00000, 0x000000076ca00000|100%| O|  |TAMS 0x000000076ca00000, 0x000000076ca00000| Untracked 
| 101|0x000000076ca00000, 0x000000076cc00000, 0x000000076cc00000|100%| O|  |TAMS 0x000000076cc00000, 0x000000076cc00000| Untracked 
| 102|0x000000076cc00000, 0x000000076ce00000, 0x000000076ce00000|100%| O|  |TAMS 0x000000076ce00000, 0x000000076ce00000| Untracked 
| 103|0x000000076ce00000, 0x000000076d000000, 0x000000076d000000|100%| O|  |TAMS 0x000000076d000000, 0x000000076d000000| Untracked 
| 104|0x000000076d000000, 0x000000076d200000, 0x000000076d200000|100%| O|  |TAMS 0x000000076d200000, 0x000000076d200000| Untracked 
| 105|0x000000076d200000, 0x000000076d400000, 0x000000076d400000|100%| O|  |TAMS 0x000000076d400000, 0x000000076d400000| Untracked 
| 106|0x000000076d400000, 0x000000076d600000, 0x000000076d600000|100%| O|  |TAMS 0x000000076d600000, 0x000000076d600000| Untracked 
| 107|0x000000076d600000, 0x000000076d800000, 0x000000076d800000|100%| O|  |TAMS 0x000000076d800000, 0x000000076d800000| Untracked 
| 108|0x000000076d800000, 0x000000076da00000, 0x000000076da00000|100%| O|  |TAMS 0x000000076da00000, 0x000000076da00000| Untracked 
| 109|0x000000076da00000, 0x000000076dc00000, 0x000000076dc00000|100%| O|  |TAMS 0x000000076dc00000, 0x000000076dc00000| Untracked 
| 110|0x000000076dc00000, 0x000000076de00000, 0x000000076de00000|100%| O|  |TAMS 0x000000076de00000, 0x000000076de00000| Untracked 
| 111|0x000000076de00000, 0x000000076e000000, 0x000000076e000000|100%| O|  |TAMS 0x000000076e000000, 0x000000076e000000| Untracked 
| 112|0x000000076e000000, 0x000000076e200000, 0x000000076e200000|100%| O|  |TAMS 0x000000076e200000, 0x000000076e200000| Untracked 
| 113|0x000000076e200000, 0x000000076e400000, 0x000000076e400000|100%| O|  |TAMS 0x000000076e400000, 0x000000076e400000| Untracked 
| 114|0x000000076e400000, 0x000000076e600000, 0x000000076e600000|100%| O|  |TAMS 0x000000076e600000, 0x000000076e600000| Untracked 
| 115|0x000000076e600000, 0x000000076e800000, 0x000000076e800000|100%| O|  |TAMS 0x000000076e800000, 0x000000076e800000| Untracked 
| 116|0x000000076e800000, 0x000000076ea00000, 0x000000076ea00000|100%| O|  |TAMS 0x000000076e800000, 0x000000076ea00000| Untracked 
| 117|0x000000076ea00000, 0x000000076ec00000, 0x000000076ec00000|100%| O|  |TAMS 0x000000076ec00000, 0x000000076ec00000| Untracked 
| 118|0x000000076ec00000, 0x000000076ee00000, 0x000000076ee00000|100%| O|  |TAMS 0x000000076ee00000, 0x000000076ee00000| Untracked 
| 119|0x000000076ee00000, 0x000000076f000000, 0x000000076f000000|100%| O|  |TAMS 0x000000076ee00000, 0x000000076f000000| Untracked 
| 120|0x000000076f000000, 0x000000076f200000, 0x000000076f200000|100%| O|  |TAMS 0x000000076f000000, 0x000000076f200000| Untracked 
| 121|0x000000076f200000, 0x000000076f400000, 0x000000076f400000|100%| O|  |TAMS 0x000000076f200000, 0x000000076f400000| Untracked 
| 122|0x000000076f400000, 0x000000076f600000, 0x000000076f600000|100%| O|  |TAMS 0x000000076f400000, 0x000000076f600000| Untracked 
| 123|0x000000076f600000, 0x000000076f800000, 0x000000076f800000|100%| O|  |TAMS 0x000000076f600000, 0x000000076f800000| Untracked 
| 124|0x000000076f800000, 0x000000076fa00000, 0x000000076fa00000|100%| O|  |TAMS 0x000000076f800000, 0x000000076fa00000| Untracked 
| 125|0x000000076fa00000, 0x000000076fc00000, 0x000000076fc00000|100%| O|  |TAMS 0x000000076fc00000, 0x000000076fc00000| Untracked 
| 126|0x000000076fc00000, 0x000000076fe00000, 0x000000076fe00000|100%| O|  |TAMS 0x000000076fe00000, 0x000000076fe00000| Untracked 
| 127|0x000000076fe00000, 0x0000000770000000, 0x0000000770000000|100%| O|  |TAMS 0x000000076fe00000, 0x0000000770000000| Untracked 
| 128|0x0000000770000000, 0x0000000770200000, 0x0000000770200000|100%| O|  |TAMS 0x0000000770000000, 0x0000000770200000| Untracked 
| 129|0x0000000770200000, 0x0000000770400000, 0x0000000770400000|100%| O|  |TAMS 0x0000000770400000, 0x0000000770400000| Untracked 
| 130|0x0000000770400000, 0x0000000770600000, 0x0000000770600000|100%| O|  |TAMS 0x0000000770600000, 0x0000000770600000| Untracked 
| 131|0x0000000770600000, 0x0000000770800000, 0x0000000770800000|100%| O|  |TAMS 0x0000000770600000, 0x0000000770800000| Untracked 
| 132|0x0000000770800000, 0x0000000770a00000, 0x0000000770a00000|100%| O|  |TAMS 0x0000000770800000, 0x0000000770a00000| Untracked 
| 133|0x0000000770a00000, 0x0000000770c00000, 0x0000000770c00000|100%| O|  |TAMS 0x0000000770a00000, 0x0000000770c00000| Untracked 
| 134|0x0000000770c00000, 0x0000000770e00000, 0x0000000770e00000|100%| O|  |TAMS 0x0000000770c00000, 0x0000000770e00000| Untracked 
| 135|0x0000000770e00000, 0x0000000771000000, 0x0000000771000000|100%| O|  |TAMS 0x0000000770e00000, 0x0000000771000000| Untracked 
| 136|0x0000000771000000, 0x0000000771200000, 0x0000000771200000|100%| O|  |TAMS 0x0000000771000000, 0x0000000771200000| Untracked 
| 137|0x0000000771200000, 0x0000000771400000, 0x0000000771400000|100%| O|  |TAMS 0x0000000771200000, 0x0000000771400000| Untracked 
| 138|0x0000000771400000, 0x0000000771600000, 0x0000000771600000|100%| O|  |TAMS 0x0000000771400000, 0x0000000771600000| Untracked 
| 139|0x0000000771600000, 0x0000000771800000, 0x0000000771800000|100%| O|  |TAMS 0x0000000771600000, 0x0000000771800000| Untracked 
| 140|0x0000000771800000, 0x0000000771a00000, 0x0000000771a00000|100%| O|  |TAMS 0x0000000771800000, 0x0000000771a00000| Untracked 
| 141|0x0000000771a00000, 0x0000000771c00000, 0x0000000771c00000|100%| O|  |TAMS 0x0000000771a00000, 0x0000000771c00000| Untracked 
| 142|0x0000000771c00000, 0x0000000771e00000, 0x0000000771e00000|100%| O|  |TAMS 0x0000000771c00000, 0x0000000771e00000| Untracked 
| 143|0x0000000771e00000, 0x0000000772000000, 0x0000000772000000|100%| O|  |TAMS 0x0000000771e00000, 0x0000000772000000| Untracked 
| 144|0x0000000772000000, 0x0000000772200000, 0x0000000772200000|100%| O|  |TAMS 0x0000000772000000, 0x0000000772200000| Untracked 
| 145|0x0000000772200000, 0x0000000772400000, 0x0000000772400000|100%| O|  |TAMS 0x0000000772200000, 0x0000000772400000| Untracked 
| 146|0x0000000772400000, 0x0000000772600000, 0x0000000772600000|100%| O|  |TAMS 0x0000000772400000, 0x0000000772600000| Untracked 
| 147|0x0000000772600000, 0x0000000772800000, 0x0000000772800000|100%| O|  |TAMS 0x0000000772600000, 0x0000000772800000| Untracked 
| 148|0x0000000772800000, 0x0000000772a00000, 0x0000000772a00000|100%| O|  |TAMS 0x0000000772800000, 0x0000000772a00000| Untracked 
| 149|0x0000000772a00000, 0x0000000772c00000, 0x0000000772c00000|100%| O|  |TAMS 0x0000000772a00000, 0x0000000772c00000| Untracked 
| 150|0x0000000772c00000, 0x0000000772e00000, 0x0000000772e00000|100%| O|  |TAMS 0x0000000772c00000, 0x0000000772e00000| Untracked 
| 151|0x0000000772e00000, 0x0000000773000000, 0x0000000773000000|100%| O|  |TAMS 0x0000000773000000, 0x0000000773000000| Untracked 
| 152|0x0000000773000000, 0x0000000773200000, 0x0000000773200000|100%| O|  |TAMS 0x0000000773200000, 0x0000000773200000| Untracked 
| 153|0x0000000773200000, 0x0000000773400000, 0x0000000773400000|100%| O|  |TAMS 0x0000000773200000, 0x0000000773400000| Untracked 
| 154|0x0000000773400000, 0x0000000773600000, 0x0000000773600000|100%| O|  |TAMS 0x0000000773400000, 0x0000000773600000| Untracked 
| 155|0x0000000773600000, 0x0000000773800000, 0x0000000773800000|100%| O|  |TAMS 0x0000000773800000, 0x0000000773800000| Untracked 
| 156|0x0000000773800000, 0x0000000773a00000, 0x0000000773a00000|100%| O|  |TAMS 0x0000000773a00000, 0x0000000773a00000| Untracked 
| 157|0x0000000773a00000, 0x0000000773c00000, 0x0000000773c00000|100%| O|  |TAMS 0x0000000773c00000, 0x0000000773c00000| Untracked 
| 158|0x0000000773c00000, 0x0000000773e00000, 0x0000000773e00000|100%|HS|  |TAMS 0x0000000773e00000, 0x0000000773e00000| Complete 
| 159|0x0000000773e00000, 0x0000000774000000, 0x0000000774000000|100%|HC|  |TAMS 0x0000000774000000, 0x0000000774000000| Complete 
| 160|0x0000000774000000, 0x0000000774200000, 0x0000000774200000|100%| O|  |TAMS 0x0000000774200000, 0x0000000774200000| Untracked 
| 161|0x0000000774200000, 0x0000000774400000, 0x0000000774400000|100%| O|  |TAMS 0x0000000774400000, 0x0000000774400000| Untracked 
| 162|0x0000000774400000, 0x0000000774600000, 0x0000000774600000|100%| O|  |TAMS 0x0000000774600000, 0x0000000774600000| Untracked 
| 163|0x0000000774600000, 0x0000000774800000, 0x0000000774800000|100%| O|  |TAMS 0x0000000774800000, 0x0000000774800000| Untracked 
| 164|0x0000000774800000, 0x0000000774a00000, 0x0000000774a00000|100%| O|  |TAMS 0x0000000774800000, 0x0000000774a00000| Untracked 
| 165|0x0000000774a00000, 0x0000000774c00000, 0x0000000774c00000|100%| O|  |TAMS 0x0000000774a00000, 0x0000000774c00000| Untracked 
| 166|0x0000000774c00000, 0x0000000774e00000, 0x0000000774e00000|100%| O|  |TAMS 0x0000000774e00000, 0x0000000774e00000| Untracked 
| 167|0x0000000774e00000, 0x0000000775000000, 0x0000000775000000|100%| O|  |TAMS 0x0000000775000000, 0x0000000775000000| Untracked 
| 168|0x0000000775000000, 0x0000000775200000, 0x0000000775200000|100%| O|  |TAMS 0x0000000775200000, 0x0000000775200000| Untracked 
| 169|0x0000000775200000, 0x0000000775400000, 0x0000000775400000|100%| O|  |TAMS 0x0000000775400000, 0x0000000775400000| Untracked 
| 170|0x0000000775400000, 0x0000000775600000, 0x0000000775600000|100%| O|  |TAMS 0x0000000775600000, 0x0000000775600000| Untracked 
| 171|0x0000000775600000, 0x0000000775800000, 0x0000000775800000|100%| O|  |TAMS 0x0000000775800000, 0x0000000775800000| Untracked 
| 172|0x0000000775800000, 0x0000000775a00000, 0x0000000775a00000|100%| O|  |TAMS 0x0000000775a00000, 0x0000000775a00000| Untracked 
| 173|0x0000000775a00000, 0x0000000775c00000, 0x0000000775c00000|100%| O|  |TAMS 0x0000000775a00000, 0x0000000775c00000| Untracked 
| 174|0x0000000775c00000, 0x0000000775e00000, 0x0000000775e00000|100%| O|  |TAMS 0x0000000775e00000, 0x0000000775e00000| Untracked 
| 175|0x0000000775e00000, 0x0000000776000000, 0x0000000776000000|100%| O|  |TAMS 0x0000000775e00000, 0x0000000776000000| Untracked 
| 176|0x0000000776000000, 0x0000000776200000, 0x0000000776200000|100%| O|  |TAMS 0x0000000776000000, 0x0000000776200000| Untracked 
| 177|0x0000000776200000, 0x0000000776400000, 0x0000000776400000|100%| O|  |TAMS 0x0000000776200000, 0x0000000776400000| Untracked 
| 178|0x0000000776400000, 0x0000000776600000, 0x0000000776600000|100%| O|  |TAMS 0x0000000776400000, 0x0000000776600000| Untracked 
| 179|0x0000000776600000, 0x0000000776800000, 0x0000000776800000|100%| O|  |TAMS 0x0000000776600000, 0x0000000776800000| Untracked 
| 180|0x0000000776800000, 0x0000000776a00000, 0x0000000776a00000|100%| O|  |TAMS 0x0000000776800000, 0x0000000776a00000| Untracked 
| 181|0x0000000776a00000, 0x0000000776c00000, 0x0000000776c00000|100%| O|  |TAMS 0x0000000776a00000, 0x0000000776c00000| Untracked 
| 182|0x0000000776c00000, 0x0000000776e00000, 0x0000000776e00000|100%| O|  |TAMS 0x0000000776c00000, 0x0000000776e00000| Untracked 
| 183|0x0000000776e00000, 0x0000000777000000, 0x0000000777000000|100%| O|  |TAMS 0x0000000776e00000, 0x0000000777000000| Untracked 
| 184|0x0000000777000000, 0x0000000777200000, 0x0000000777200000|100%| O|  |TAMS 0x0000000777000000, 0x0000000777200000| Untracked 
| 185|0x0000000777200000, 0x0000000777400000, 0x0000000777400000|100%| O|  |TAMS 0x0000000777200000, 0x0000000777400000| Untracked 
| 186|0x0000000777400000, 0x0000000777600000, 0x0000000777600000|100%| O|  |TAMS 0x0000000777400000, 0x0000000777600000| Untracked 
| 187|0x0000000777600000, 0x0000000777800000, 0x0000000777800000|100%| O|  |TAMS 0x0000000777600000, 0x0000000777800000| Untracked 
| 188|0x0000000777800000, 0x0000000777a00000, 0x0000000777a00000|100%| O|  |TAMS 0x0000000777800000, 0x0000000777a00000| Untracked 
| 189|0x0000000777a00000, 0x0000000777c00000, 0x0000000777c00000|100%| O|  |TAMS 0x0000000777a00000, 0x0000000777c00000| Untracked 
| 190|0x0000000777c00000, 0x0000000777e00000, 0x0000000777e00000|100%| O|  |TAMS 0x0000000777c00000, 0x0000000777e00000| Untracked 
| 191|0x0000000777e00000, 0x0000000778000000, 0x0000000778000000|100%| O|  |TAMS 0x0000000777e00000, 0x0000000778000000| Untracked 
| 192|0x0000000778000000, 0x0000000778200000, 0x0000000778200000|100%| O|  |TAMS 0x0000000778000000, 0x0000000778200000| Untracked 
| 193|0x0000000778200000, 0x0000000778400000, 0x0000000778400000|100%| O|  |TAMS 0x0000000778400000, 0x0000000778400000| Untracked 
| 194|0x0000000778400000, 0x0000000778600000, 0x0000000778600000|100%| O|  |TAMS 0x0000000778400000, 0x0000000778600000| Untracked 
| 195|0x0000000778600000, 0x0000000778800000, 0x0000000778800000|100%| O|  |TAMS 0x0000000778600000, 0x0000000778800000| Untracked 
| 196|0x0000000778800000, 0x0000000778a00000, 0x0000000778a00000|100%| O|  |TAMS 0x0000000778a00000, 0x0000000778a00000| Untracked 
| 197|0x0000000778a00000, 0x0000000778c00000, 0x0000000778c00000|100%| O|  |TAMS 0x0000000778a00000, 0x0000000778c00000| Untracked 
| 198|0x0000000778c00000, 0x0000000778e00000, 0x0000000778e00000|100%| O|  |TAMS 0x0000000778c00000, 0x0000000778e00000| Untracked 
| 199|0x0000000778e00000, 0x0000000779000000, 0x0000000779000000|100%| O|  |TAMS 0x0000000778e00000, 0x0000000779000000| Untracked 
| 200|0x0000000779000000, 0x0000000779200000, 0x0000000779200000|100%| O|  |TAMS 0x0000000779000000, 0x0000000779200000| Untracked 
| 201|0x0000000779200000, 0x0000000779400000, 0x0000000779400000|100%| O|  |TAMS 0x0000000779200000, 0x0000000779400000| Untracked 
| 202|0x0000000779400000, 0x0000000779600000, 0x0000000779600000|100%| O|  |TAMS 0x0000000779400000, 0x0000000779600000| Untracked 
| 203|0x0000000779600000, 0x0000000779800000, 0x0000000779800000|100%| O|  |TAMS 0x0000000779600000, 0x0000000779800000| Untracked 
| 204|0x0000000779800000, 0x0000000779a00000, 0x0000000779a00000|100%| O|  |TAMS 0x0000000779800000, 0x0000000779a00000| Untracked 
| 205|0x0000000779a00000, 0x0000000779c00000, 0x0000000779c00000|100%| O|  |TAMS 0x0000000779a00000, 0x0000000779c00000| Untracked 
| 206|0x0000000779c00000, 0x0000000779e00000, 0x0000000779e00000|100%| O|  |TAMS 0x0000000779c00000, 0x0000000779e00000| Untracked 
| 207|0x0000000779e00000, 0x0000000779e00000, 0x000000077a000000|  0%| F|  |TAMS 0x0000000779e00000, 0x0000000779e00000| Untracked 
| 208|0x000000077a000000, 0x000000077a000000, 0x000000077a200000|  0%| F|  |TAMS 0x000000077a000000, 0x000000077a000000| Untracked 
| 209|0x000000077a200000, 0x000000077a200000, 0x000000077a400000|  0%| F|  |TAMS 0x000000077a200000, 0x000000077a200000| Untracked 
| 210|0x000000077a400000, 0x000000077a400000, 0x000000077a600000|  0%| F|  |TAMS 0x000000077a400000, 0x000000077a400000| Untracked 
| 211|0x000000077a600000, 0x000000077a600000, 0x000000077a800000|  0%| F|  |TAMS 0x000000077a600000, 0x000000077a600000| Untracked 
| 212|0x000000077a800000, 0x000000077a800000, 0x000000077aa00000|  0%| F|  |TAMS 0x000000077a800000, 0x000000077a800000| Untracked 
| 213|0x000000077aa00000, 0x000000077aa00000, 0x000000077ac00000|  0%| F|  |TAMS 0x000000077aa00000, 0x000000077aa00000| Untracked 
| 214|0x000000077ac00000, 0x000000077ac00000, 0x000000077ae00000|  0%| F|  |TAMS 0x000000077ac00000, 0x000000077ac00000| Untracked 
| 215|0x000000077ae00000, 0x000000077ae00000, 0x000000077b000000|  0%| F|  |TAMS 0x000000077ae00000, 0x000000077ae00000| Untracked 
| 216|0x000000077b000000, 0x000000077b000000, 0x000000077b200000|  0%| F|  |TAMS 0x000000077b000000, 0x000000077b000000| Untracked 
| 217|0x000000077b200000, 0x000000077b200000, 0x000000077b400000|  0%| F|  |TAMS 0x000000077b200000, 0x000000077b200000| Untracked 
| 218|0x000000077b400000, 0x000000077b400000, 0x000000077b600000|  0%| F|  |TAMS 0x000000077b400000, 0x000000077b400000| Untracked 
| 219|0x000000077b600000, 0x000000077b600000, 0x000000077b800000|  0%| F|  |TAMS 0x000000077b600000, 0x000000077b600000| Untracked 
| 220|0x000000077b800000, 0x000000077b800000, 0x000000077ba00000|  0%| F|  |TAMS 0x000000077b800000, 0x000000077b800000| Untracked 
| 221|0x000000077ba00000, 0x000000077ba00000, 0x000000077bc00000|  0%| F|  |TAMS 0x000000077ba00000, 0x000000077ba00000| Untracked 
| 222|0x000000077bc00000, 0x000000077bc00000, 0x000000077be00000|  0%| F|  |TAMS 0x000000077bc00000, 0x000000077bc00000| Untracked 
| 223|0x000000077be00000, 0x000000077be00000, 0x000000077c000000|  0%| F|  |TAMS 0x000000077be00000, 0x000000077be00000| Untracked 
| 224|0x000000077c000000, 0x000000077c000000, 0x000000077c200000|  0%| F|  |TAMS 0x000000077c000000, 0x000000077c000000| Untracked 
| 225|0x000000077c200000, 0x000000077c200000, 0x000000077c400000|  0%| F|  |TAMS 0x000000077c200000, 0x000000077c200000| Untracked 
| 226|0x000000077c400000, 0x000000077c400000, 0x000000077c600000|  0%| F|  |TAMS 0x000000077c400000, 0x000000077c400000| Untracked 
| 227|0x000000077c600000, 0x000000077c600000, 0x000000077c800000|  0%| F|  |TAMS 0x000000077c600000, 0x000000077c600000| Untracked 
| 228|0x000000077c800000, 0x000000077c800000, 0x000000077ca00000|  0%| F|  |TAMS 0x000000077c800000, 0x000000077c800000| Untracked 
| 229|0x000000077ca00000, 0x000000077ca00000, 0x000000077cc00000|  0%| F|  |TAMS 0x000000077ca00000, 0x000000077ca00000| Untracked 
| 230|0x000000077cc00000, 0x000000077cc00000, 0x000000077ce00000|  0%| F|  |TAMS 0x000000077cc00000, 0x000000077cc00000| Untracked 
| 231|0x000000077ce00000, 0x000000077ce00000, 0x000000077d000000|  0%| F|  |TAMS 0x000000077ce00000, 0x000000077ce00000| Untracked 
| 232|0x000000077d000000, 0x000000077d000000, 0x000000077d200000|  0%| F|  |TAMS 0x000000077d000000, 0x000000077d000000| Untracked 
| 233|0x000000077d200000, 0x000000077d200000, 0x000000077d400000|  0%| F|  |TAMS 0x000000077d200000, 0x000000077d200000| Untracked 
| 234|0x000000077d400000, 0x000000077d400000, 0x000000077d600000|  0%| F|  |TAMS 0x000000077d400000, 0x000000077d400000| Untracked 
| 235|0x000000077d600000, 0x000000077d600000, 0x000000077d800000|  0%| F|  |TAMS 0x000000077d600000, 0x000000077d600000| Untracked 
| 236|0x000000077d800000, 0x000000077d800000, 0x000000077da00000|  0%| F|  |TAMS 0x000000077d800000, 0x000000077d800000| Untracked 
| 237|0x000000077da00000, 0x000000077da00000, 0x000000077dc00000|  0%| F|  |TAMS 0x000000077da00000, 0x000000077da00000| Untracked 
| 238|0x000000077dc00000, 0x000000077dc00000, 0x000000077de00000|  0%| F|  |TAMS 0x000000077dc00000, 0x000000077dc00000| Untracked 
| 239|0x000000077de00000, 0x000000077de00000, 0x000000077e000000|  0%| F|  |TAMS 0x000000077de00000, 0x000000077de00000| Untracked 
| 240|0x000000077e000000, 0x000000077e000000, 0x000000077e200000|  0%| F|  |TAMS 0x000000077e000000, 0x000000077e000000| Untracked 
| 241|0x000000077e200000, 0x000000077e200000, 0x000000077e400000|  0%| F|  |TAMS 0x000000077e200000, 0x000000077e200000| Untracked 
| 242|0x000000077e400000, 0x000000077e400000, 0x000000077e600000|  0%| F|  |TAMS 0x000000077e400000, 0x000000077e400000| Untracked 
| 243|0x000000077e600000, 0x000000077e600000, 0x000000077e800000|  0%| F|  |TAMS 0x000000077e600000, 0x000000077e600000| Untracked 
| 244|0x000000077e800000, 0x000000077e800000, 0x000000077ea00000|  0%| F|  |TAMS 0x000000077e800000, 0x000000077e800000| Untracked 
| 245|0x000000077ea00000, 0x000000077ea00000, 0x000000077ec00000|  0%| F|  |TAMS 0x000000077ea00000, 0x000000077ea00000| Untracked 
| 246|0x000000077ec00000, 0x000000077ec00000, 0x000000077ee00000|  0%| F|  |TAMS 0x000000077ec00000, 0x000000077ec00000| Untracked 
| 247|0x000000077ee00000, 0x000000077ee00000, 0x000000077f000000|  0%| F|  |TAMS 0x000000077ee00000, 0x000000077ee00000| Untracked 
| 248|0x000000077f000000, 0x000000077f200000, 0x000000077f200000|100%| O|  |TAMS 0x000000077f200000, 0x000000077f200000| Untracked 
| 249|0x000000077f200000, 0x000000077f200000, 0x000000077f400000|  0%| F|  |TAMS 0x000000077f200000, 0x000000077f200000| Untracked 
| 250|0x000000077f400000, 0x000000077f400000, 0x000000077f600000|  0%| F|  |TAMS 0x000000077f400000, 0x000000077f400000| Untracked 
| 251|0x000000077f600000, 0x000000077f600000, 0x000000077f800000|  0%| F|  |TAMS 0x000000077f600000, 0x000000077f600000| Untracked 
| 252|0x000000077f800000, 0x000000077f800000, 0x000000077fa00000|  0%| F|  |TAMS 0x000000077f800000, 0x000000077f800000| Untracked 
| 253|0x000000077fa00000, 0x000000077fa00000, 0x000000077fc00000|  0%| F|  |TAMS 0x000000077fa00000, 0x000000077fa00000| Untracked 
| 254|0x000000077fc00000, 0x000000077fe00000, 0x000000077fe00000|100%| O|  |TAMS 0x000000077fe00000, 0x000000077fe00000| Untracked 
| 255|0x000000077fe00000, 0x000000077fe00000, 0x0000000780000000|  0%| F|  |TAMS 0x000000077fe00000, 0x000000077fe00000| Untracked 
| 256|0x0000000780000000, 0x0000000780000000, 0x0000000780200000|  0%| F|  |TAMS 0x0000000780000000, 0x0000000780000000| Untracked 
| 257|0x0000000780200000, 0x0000000780200000, 0x0000000780400000|  0%| F|  |TAMS 0x0000000780200000, 0x0000000780200000| Untracked 
| 258|0x0000000780400000, 0x0000000780400000, 0x0000000780600000|  0%| F|  |TAMS 0x0000000780400000, 0x0000000780400000| Untracked 
| 259|0x0000000780600000, 0x0000000780600000, 0x0000000780800000|  0%| F|  |TAMS 0x0000000780600000, 0x0000000780600000| Untracked 
| 260|0x0000000780800000, 0x0000000780800000, 0x0000000780a00000|  0%| F|  |TAMS 0x0000000780800000, 0x0000000780800000| Untracked 
| 261|0x0000000780a00000, 0x0000000780a00000, 0x0000000780c00000|  0%| F|  |TAMS 0x0000000780a00000, 0x0000000780a00000| Untracked 
| 262|0x0000000780c00000, 0x0000000780c00000, 0x0000000780e00000|  0%| F|  |TAMS 0x0000000780c00000, 0x0000000780c00000| Untracked 
| 263|0x0000000780e00000, 0x0000000780e00000, 0x0000000781000000|  0%| F|  |TAMS 0x0000000780e00000, 0x0000000780e00000| Untracked 
| 264|0x0000000781000000, 0x0000000781000000, 0x0000000781200000|  0%| F|  |TAMS 0x0000000781000000, 0x0000000781000000| Untracked 
| 265|0x0000000781200000, 0x0000000781200000, 0x0000000781400000|  0%| F|  |TAMS 0x0000000781200000, 0x0000000781200000| Untracked 
| 266|0x0000000781400000, 0x0000000781400000, 0x0000000781600000|  0%| F|  |TAMS 0x0000000781400000, 0x0000000781400000| Untracked 
| 267|0x0000000781600000, 0x0000000781600000, 0x0000000781800000|  0%| F|  |TAMS 0x0000000781600000, 0x0000000781600000| Untracked 
| 268|0x0000000781800000, 0x0000000781800000, 0x0000000781a00000|  0%| F|  |TAMS 0x0000000781800000, 0x0000000781800000| Untracked 
| 269|0x0000000781a00000, 0x0000000781a00000, 0x0000000781c00000|  0%| F|  |TAMS 0x0000000781a00000, 0x0000000781a00000| Untracked 
| 270|0x0000000781c00000, 0x0000000781c00000, 0x0000000781e00000|  0%| F|  |TAMS 0x0000000781c00000, 0x0000000781c00000| Untracked 
| 271|0x0000000781e00000, 0x0000000781e00000, 0x0000000782000000|  0%| F|  |TAMS 0x0000000781e00000, 0x0000000781e00000| Untracked 
| 272|0x0000000782000000, 0x0000000782000000, 0x0000000782200000|  0%| F|  |TAMS 0x0000000782000000, 0x0000000782000000| Untracked 
| 273|0x0000000782200000, 0x0000000782200000, 0x0000000782400000|  0%| F|  |TAMS 0x0000000782200000, 0x0000000782200000| Untracked 
| 274|0x0000000782400000, 0x0000000782400000, 0x0000000782600000|  0%| F|  |TAMS 0x0000000782400000, 0x0000000782400000| Untracked 
| 275|0x0000000782600000, 0x0000000782600000, 0x0000000782800000|  0%| F|  |TAMS 0x0000000782600000, 0x0000000782600000| Untracked 
| 276|0x0000000782800000, 0x0000000782800000, 0x0000000782a00000|  0%| F|  |TAMS 0x0000000782800000, 0x0000000782800000| Untracked 
| 277|0x0000000782a00000, 0x0000000782a00000, 0x0000000782c00000|  0%| F|  |TAMS 0x0000000782a00000, 0x0000000782a00000| Untracked 
| 278|0x0000000782c00000, 0x0000000782c00000, 0x0000000782e00000|  0%| F|  |TAMS 0x0000000782c00000, 0x0000000782c00000| Untracked 
| 279|0x0000000782e00000, 0x0000000782e00000, 0x0000000783000000|  0%| F|  |TAMS 0x0000000782e00000, 0x0000000782e00000| Untracked 
| 280|0x0000000783000000, 0x0000000783000000, 0x0000000783200000|  0%| F|  |TAMS 0x0000000783000000, 0x0000000783000000| Untracked 
| 281|0x0000000783200000, 0x0000000783200000, 0x0000000783400000|  0%| F|  |TAMS 0x0000000783200000, 0x0000000783200000| Untracked 
| 282|0x0000000783400000, 0x0000000783400000, 0x0000000783600000|  0%| F|  |TAMS 0x0000000783400000, 0x0000000783400000| Untracked 
| 283|0x0000000783600000, 0x0000000783600000, 0x0000000783800000|  0%| F|  |TAMS 0x0000000783600000, 0x0000000783600000| Untracked 
| 284|0x0000000783800000, 0x0000000783800000, 0x0000000783a00000|  0%| F|  |TAMS 0x0000000783800000, 0x0000000783800000| Untracked 
| 285|0x0000000783a00000, 0x0000000783a00000, 0x0000000783c00000|  0%| F|  |TAMS 0x0000000783a00000, 0x0000000783a00000| Untracked 
| 286|0x0000000783c00000, 0x0000000783c00000, 0x0000000783e00000|  0%| F|  |TAMS 0x0000000783c00000, 0x0000000783c00000| Untracked 
| 287|0x0000000783e00000, 0x0000000783e00000, 0x0000000784000000|  0%| F|  |TAMS 0x0000000783e00000, 0x0000000783e00000| Untracked 
| 288|0x0000000784000000, 0x0000000784000000, 0x0000000784200000|  0%| F|  |TAMS 0x0000000784000000, 0x0000000784000000| Untracked 
| 289|0x0000000784200000, 0x0000000784200000, 0x0000000784400000|  0%| F|  |TAMS 0x0000000784200000, 0x0000000784200000| Untracked 
| 290|0x0000000784400000, 0x0000000784400000, 0x0000000784600000|  0%| F|  |TAMS 0x0000000784400000, 0x0000000784400000| Untracked 
| 291|0x0000000784600000, 0x0000000784600000, 0x0000000784800000|  0%| F|  |TAMS 0x0000000784600000, 0x0000000784600000| Untracked 
| 292|0x0000000784800000, 0x0000000784800000, 0x0000000784a00000|  0%| F|  |TAMS 0x0000000784800000, 0x0000000784800000| Untracked 
| 293|0x0000000784a00000, 0x0000000784a00000, 0x0000000784c00000|  0%| F|  |TAMS 0x0000000784a00000, 0x0000000784a00000| Untracked 
| 294|0x0000000784c00000, 0x0000000784c00000, 0x0000000784e00000|  0%| F|  |TAMS 0x0000000784c00000, 0x0000000784c00000| Untracked 
| 295|0x0000000784e00000, 0x0000000784e00000, 0x0000000785000000|  0%| F|  |TAMS 0x0000000784e00000, 0x0000000784e00000| Untracked 
| 296|0x0000000785000000, 0x0000000785000000, 0x0000000785200000|  0%| F|  |TAMS 0x0000000785000000, 0x0000000785000000| Untracked 
| 297|0x0000000785200000, 0x0000000785200000, 0x0000000785400000|  0%| F|  |TAMS 0x0000000785200000, 0x0000000785200000| Untracked 
| 298|0x0000000785400000, 0x0000000785400000, 0x0000000785600000|  0%| F|  |TAMS 0x0000000785400000, 0x0000000785400000| Untracked 
| 299|0x0000000785600000, 0x0000000785600000, 0x0000000785800000|  0%| F|  |TAMS 0x0000000785600000, 0x0000000785600000| Untracked 
| 300|0x0000000785800000, 0x0000000785800000, 0x0000000785a00000|  0%| F|  |TAMS 0x0000000785800000, 0x0000000785800000| Untracked 
| 301|0x0000000785a00000, 0x0000000785a00000, 0x0000000785c00000|  0%| F|  |TAMS 0x0000000785a00000, 0x0000000785a00000| Untracked 
| 302|0x0000000785c00000, 0x0000000785c00000, 0x0000000785e00000|  0%| F|  |TAMS 0x0000000785c00000, 0x0000000785c00000| Untracked 
| 303|0x0000000785e00000, 0x0000000785e00000, 0x0000000786000000|  0%| F|  |TAMS 0x0000000785e00000, 0x0000000785e00000| Untracked 
| 304|0x0000000786000000, 0x0000000786000000, 0x0000000786200000|  0%| F|  |TAMS 0x0000000786000000, 0x0000000786000000| Untracked 
| 305|0x0000000786200000, 0x0000000786200000, 0x0000000786400000|  0%| F|  |TAMS 0x0000000786200000, 0x0000000786200000| Untracked 
| 306|0x0000000786400000, 0x0000000786400000, 0x0000000786600000|  0%| F|  |TAMS 0x0000000786400000, 0x0000000786400000| Untracked 
| 307|0x0000000786600000, 0x0000000786600000, 0x0000000786800000|  0%| F|  |TAMS 0x0000000786600000, 0x0000000786600000| Untracked 
| 308|0x0000000786800000, 0x0000000786800000, 0x0000000786a00000|  0%| F|  |TAMS 0x0000000786800000, 0x0000000786800000| Untracked 
| 309|0x0000000786a00000, 0x0000000786a00000, 0x0000000786c00000|  0%| F|  |TAMS 0x0000000786a00000, 0x0000000786a00000| Untracked 
| 310|0x0000000786c00000, 0x0000000786c00000, 0x0000000786e00000|  0%| F|  |TAMS 0x0000000786c00000, 0x0000000786c00000| Untracked 
| 311|0x0000000786e00000, 0x0000000786e00000, 0x0000000787000000|  0%| F|  |TAMS 0x0000000786e00000, 0x0000000786e00000| Untracked 
| 312|0x0000000787000000, 0x0000000787000000, 0x0000000787200000|  0%| F|  |TAMS 0x0000000787000000, 0x0000000787000000| Untracked 
| 313|0x0000000787200000, 0x0000000787200000, 0x0000000787400000|  0%| F|  |TAMS 0x0000000787200000, 0x0000000787200000| Untracked 
| 314|0x0000000787400000, 0x0000000787400000, 0x0000000787600000|  0%| F|  |TAMS 0x0000000787400000, 0x0000000787400000| Untracked 
| 315|0x0000000787600000, 0x0000000787600000, 0x0000000787800000|  0%| F|  |TAMS 0x0000000787600000, 0x0000000787600000| Untracked 
| 316|0x0000000787800000, 0x0000000787800000, 0x0000000787a00000|  0%| F|  |TAMS 0x0000000787800000, 0x0000000787800000| Untracked 
| 317|0x0000000787a00000, 0x0000000787a00000, 0x0000000787c00000|  0%| F|  |TAMS 0x0000000787a00000, 0x0000000787a00000| Untracked 
| 318|0x0000000787c00000, 0x0000000787c00000, 0x0000000787e00000|  0%| F|  |TAMS 0x0000000787c00000, 0x0000000787c00000| Untracked 
| 319|0x0000000787e00000, 0x0000000787e00000, 0x0000000788000000|  0%| F|  |TAMS 0x0000000787e00000, 0x0000000787e00000| Untracked 
| 320|0x0000000788000000, 0x0000000788000000, 0x0000000788200000|  0%| F|  |TAMS 0x0000000788000000, 0x0000000788000000| Untracked 
| 321|0x0000000788200000, 0x0000000788200000, 0x0000000788400000|  0%| F|  |TAMS 0x0000000788200000, 0x0000000788200000| Untracked 
| 322|0x0000000788400000, 0x0000000788400000, 0x0000000788600000|  0%| F|  |TAMS 0x0000000788400000, 0x0000000788400000| Untracked 
| 323|0x0000000788600000, 0x0000000788600000, 0x0000000788800000|  0%| F|  |TAMS 0x0000000788600000, 0x0000000788600000| Untracked 
| 324|0x0000000788800000, 0x0000000788800000, 0x0000000788a00000|  0%| F|  |TAMS 0x0000000788800000, 0x0000000788800000| Untracked 
| 325|0x0000000788a00000, 0x0000000788c00000, 0x0000000788c00000|100%| S|CS|TAMS 0x0000000788a00000, 0x0000000788a00000| Complete 
| 326|0x0000000788c00000, 0x0000000788e00000, 0x0000000788e00000|100%| S|CS|TAMS 0x0000000788c00000, 0x0000000788c00000| Complete 
| 327|0x0000000788e00000, 0x0000000789000000, 0x0000000789000000|100%| S|CS|TAMS 0x0000000788e00000, 0x0000000788e00000| Complete 
| 328|0x0000000789000000, 0x0000000789200000, 0x0000000789200000|100%| S|CS|TAMS 0x0000000789000000, 0x0000000789000000| Complete 
| 329|0x0000000789200000, 0x0000000789400000, 0x0000000789400000|100%| S|CS|TAMS 0x0000000789200000, 0x0000000789200000| Complete 
| 330|0x0000000789400000, 0x0000000789600000, 0x0000000789600000|100%| S|CS|TAMS 0x0000000789400000, 0x0000000789400000| Complete 
| 331|0x0000000789600000, 0x0000000789800000, 0x0000000789800000|100%| S|CS|TAMS 0x0000000789600000, 0x0000000789600000| Complete 
| 332|0x0000000789800000, 0x0000000789a00000, 0x0000000789a00000|100%| S|CS|TAMS 0x0000000789800000, 0x0000000789800000| Complete 
| 333|0x0000000789a00000, 0x0000000789c00000, 0x0000000789c00000|100%| S|CS|TAMS 0x0000000789a00000, 0x0000000789a00000| Complete 
| 334|0x0000000789c00000, 0x0000000789e00000, 0x0000000789e00000|100%| S|CS|TAMS 0x0000000789c00000, 0x0000000789c00000| Complete 
| 335|0x0000000789e00000, 0x000000078a000000, 0x000000078a000000|100%| S|CS|TAMS 0x0000000789e00000, 0x0000000789e00000| Complete 
| 336|0x000000078a000000, 0x000000078a200000, 0x000000078a200000|100%| S|CS|TAMS 0x000000078a000000, 0x000000078a000000| Complete 
| 337|0x000000078a200000, 0x000000078a400000, 0x000000078a400000|100%| S|CS|TAMS 0x000000078a200000, 0x000000078a200000| Complete 
| 338|0x000000078a400000, 0x000000078a600000, 0x000000078a600000|100%| S|CS|TAMS 0x000000078a400000, 0x000000078a400000| Complete 
| 339|0x000000078a600000, 0x000000078a800000, 0x000000078a800000|100%| S|CS|TAMS 0x000000078a600000, 0x000000078a600000| Complete 
| 340|0x000000078a800000, 0x000000078aa00000, 0x000000078aa00000|100%| S|CS|TAMS 0x000000078a800000, 0x000000078a800000| Complete 
| 341|0x000000078aa00000, 0x000000078ac00000, 0x000000078ac00000|100%| S|CS|TAMS 0x000000078aa00000, 0x000000078aa00000| Complete 
| 342|0x000000078ac00000, 0x000000078ae00000, 0x000000078ae00000|100%| S|CS|TAMS 0x000000078ac00000, 0x000000078ac00000| Complete 
| 343|0x000000078ae00000, 0x000000078b000000, 0x000000078b000000|100%| S|CS|TAMS 0x000000078ae00000, 0x000000078ae00000| Complete 
| 344|0x000000078b000000, 0x000000078b200000, 0x000000078b200000|100%| S|CS|TAMS 0x000000078b000000, 0x000000078b000000| Complete 
| 345|0x000000078b200000, 0x000000078b400000, 0x000000078b400000|100%| S|CS|TAMS 0x000000078b200000, 0x000000078b200000| Complete 
| 346|0x000000078b400000, 0x000000078b600000, 0x000000078b600000|100%| S|CS|TAMS 0x000000078b400000, 0x000000078b400000| Complete 
| 347|0x000000078b600000, 0x000000078b800000, 0x000000078b800000|100%| S|CS|TAMS 0x000000078b600000, 0x000000078b600000| Complete 
| 348|0x000000078b800000, 0x000000078b800000, 0x000000078ba00000|  0%| F|  |TAMS 0x000000078b800000, 0x000000078b800000| Untracked 
| 349|0x000000078ba00000, 0x000000078ba00000, 0x000000078bc00000|  0%| F|  |TAMS 0x000000078ba00000, 0x000000078ba00000| Untracked 
| 350|0x000000078bc00000, 0x000000078bc00000, 0x000000078be00000|  0%| F|  |TAMS 0x000000078bc00000, 0x000000078bc00000| Untracked 
| 351|0x000000078be00000, 0x000000078be00000, 0x000000078c000000|  0%| F|  |TAMS 0x000000078be00000, 0x000000078be00000| Untracked 
| 352|0x000000078c000000, 0x000000078c000000, 0x000000078c200000|  0%| F|  |TAMS 0x000000078c000000, 0x000000078c000000| Untracked 
| 353|0x000000078c200000, 0x000000078c200000, 0x000000078c400000|  0%| F|  |TAMS 0x000000078c200000, 0x000000078c200000| Untracked 
| 354|0x000000078c400000, 0x000000078c400000, 0x000000078c600000|  0%| F|  |TAMS 0x000000078c400000, 0x000000078c400000| Untracked 
| 355|0x000000078c600000, 0x000000078c800000, 0x000000078c800000|100%| O|  |TAMS 0x000000078c800000, 0x000000078c800000| Untracked 
| 356|0x000000078c800000, 0x000000078c800000, 0x000000078ca00000|  0%| F|  |TAMS 0x000000078c800000, 0x000000078c800000| Untracked 
| 357|0x000000078ca00000, 0x000000078ca00000, 0x000000078cc00000|  0%| F|  |TAMS 0x000000078ca00000, 0x000000078ca00000| Untracked 
| 358|0x000000078cc00000, 0x000000078cc00000, 0x000000078ce00000|  0%| F|  |TAMS 0x000000078cc00000, 0x000000078cc00000| Untracked 
| 359|0x000000078ce00000, 0x000000078ce00000, 0x000000078d000000|  0%| F|  |TAMS 0x000000078ce00000, 0x000000078ce00000| Untracked 
| 360|0x000000078d000000, 0x000000078d000000, 0x000000078d200000|  0%| F|  |TAMS 0x000000078d000000, 0x000000078d000000| Untracked 
| 361|0x000000078d200000, 0x000000078d200000, 0x000000078d400000|  0%| F|  |TAMS 0x000000078d200000, 0x000000078d200000| Untracked 
| 362|0x000000078d400000, 0x000000078d400000, 0x000000078d600000|  0%| F|  |TAMS 0x000000078d400000, 0x000000078d400000| Untracked 
| 363|0x000000078d600000, 0x000000078d600000, 0x000000078d800000|  0%| F|  |TAMS 0x000000078d600000, 0x000000078d600000| Untracked 
| 364|0x000000078d800000, 0x000000078d800000, 0x000000078da00000|  0%| F|  |TAMS 0x000000078d800000, 0x000000078d800000| Untracked 
| 365|0x000000078da00000, 0x000000078da00000, 0x000000078dc00000|  0%| F|  |TAMS 0x000000078da00000, 0x000000078da00000| Untracked 
| 366|0x000000078dc00000, 0x000000078dc00000, 0x000000078de00000|  0%| F|  |TAMS 0x000000078dc00000, 0x000000078dc00000| Untracked 
| 367|0x000000078de00000, 0x000000078de00000, 0x000000078e000000|  0%| F|  |TAMS 0x000000078de00000, 0x000000078de00000| Untracked 
| 368|0x000000078e000000, 0x000000078e000000, 0x000000078e200000|  0%| F|  |TAMS 0x000000078e000000, 0x000000078e000000| Untracked 
| 369|0x000000078e200000, 0x000000078e200000, 0x000000078e400000|  0%| F|  |TAMS 0x000000078e200000, 0x000000078e200000| Untracked 
| 370|0x000000078e400000, 0x000000078e400000, 0x000000078e600000|  0%| F|  |TAMS 0x000000078e400000, 0x000000078e400000| Untracked 
| 371|0x000000078e600000, 0x000000078e600000, 0x000000078e800000|  0%| F|  |TAMS 0x000000078e600000, 0x000000078e600000| Untracked 
| 372|0x000000078e800000, 0x000000078e800000, 0x000000078ea00000|  0%| F|  |TAMS 0x000000078e800000, 0x000000078e800000| Untracked 
| 373|0x000000078ea00000, 0x000000078ea00000, 0x000000078ec00000|  0%| F|  |TAMS 0x000000078ea00000, 0x000000078ea00000| Untracked 
| 374|0x000000078ec00000, 0x000000078ec00000, 0x000000078ee00000|  0%| F|  |TAMS 0x000000078ec00000, 0x000000078ec00000| Untracked 
| 375|0x000000078ee00000, 0x000000078ee00000, 0x000000078f000000|  0%| F|  |TAMS 0x000000078ee00000, 0x000000078ee00000| Untracked 
| 376|0x000000078f000000, 0x000000078f000000, 0x000000078f200000|  0%| F|  |TAMS 0x000000078f000000, 0x000000078f000000| Untracked 
| 377|0x000000078f200000, 0x000000078f200000, 0x000000078f400000|  0%| F|  |TAMS 0x000000078f200000, 0x000000078f200000| Untracked 
| 378|0x000000078f400000, 0x000000078f600000, 0x000000078f600000|100%| O|  |TAMS 0x000000078f600000, 0x000000078f600000| Untracked 
| 379|0x000000078f600000, 0x000000078f800000, 0x000000078f800000|100%|HS|  |TAMS 0x000000078f800000, 0x000000078f800000| Complete 
| 380|0x000000078f800000, 0x000000078fa00000, 0x000000078fa00000|100%|HS|  |TAMS 0x000000078fa00000, 0x000000078fa00000| Complete 
| 381|0x000000078fa00000, 0x000000078fc00000, 0x000000078fc00000|100%|HC|  |TAMS 0x000000078fc00000, 0x000000078fc00000| Complete 
| 382|0x000000078fc00000, 0x000000078fe00000, 0x000000078fe00000|100%|HS|  |TAMS 0x000000078fe00000, 0x000000078fe00000| Complete 
| 383|0x000000078fe00000, 0x0000000790000000, 0x0000000790000000|100%|HC|  |TAMS 0x0000000790000000, 0x0000000790000000| Complete 
| 384|0x0000000790000000, 0x0000000790200000, 0x0000000790200000|100%| O|  |TAMS 0x0000000790200000, 0x0000000790200000| Untracked 
| 385|0x0000000790200000, 0x0000000790400000, 0x0000000790400000|100%| O|  |TAMS 0x0000000790400000, 0x0000000790400000| Untracked 
| 386|0x0000000790400000, 0x0000000790600000, 0x0000000790600000|100%| O|  |TAMS 0x0000000790600000, 0x0000000790600000| Untracked 
| 387|0x0000000790600000, 0x0000000790800000, 0x0000000790800000|100%| O|  |TAMS 0x0000000790800000, 0x0000000790800000| Untracked 
| 388|0x0000000790800000, 0x0000000790a00000, 0x0000000790a00000|100%| O|  |TAMS 0x0000000790a00000, 0x0000000790a00000| Untracked 
| 389|0x0000000790a00000, 0x0000000790c00000, 0x0000000790c00000|100%| O|  |TAMS 0x0000000790c00000, 0x0000000790c00000| Untracked 
| 390|0x0000000790c00000, 0x0000000790e00000, 0x0000000790e00000|100%| O|  |TAMS 0x0000000790e00000, 0x0000000790e00000| Untracked 
| 391|0x0000000790e00000, 0x0000000791000000, 0x0000000791000000|100%| O|  |TAMS 0x0000000791000000, 0x0000000791000000| Untracked 
| 392|0x0000000791000000, 0x0000000791200000, 0x0000000791200000|100%| O|  |TAMS 0x0000000791200000, 0x0000000791200000| Untracked 
| 393|0x0000000791200000, 0x0000000791400000, 0x0000000791400000|100%| O|  |TAMS 0x0000000791400000, 0x0000000791400000| Untracked 
| 394|0x0000000791400000, 0x0000000791600000, 0x0000000791600000|100%| O|  |TAMS 0x0000000791600000, 0x0000000791600000| Untracked 
| 395|0x0000000791600000, 0x0000000791800000, 0x0000000791800000|100%| O|  |TAMS 0x0000000791800000, 0x0000000791800000| Untracked 
| 396|0x0000000791800000, 0x0000000791a00000, 0x0000000791a00000|100%| O|  |TAMS 0x0000000791a00000, 0x0000000791a00000| Untracked 
| 397|0x0000000791a00000, 0x0000000791c00000, 0x0000000791c00000|100%| O|  |TAMS 0x0000000791c00000, 0x0000000791c00000| Untracked 
| 398|0x0000000791c00000, 0x0000000791e00000, 0x0000000791e00000|100%| O|  |TAMS 0x0000000791e00000, 0x0000000791e00000| Untracked 
| 399|0x0000000791e00000, 0x0000000792000000, 0x0000000792000000|100%| O|  |TAMS 0x0000000792000000, 0x0000000792000000| Untracked 
| 400|0x0000000792000000, 0x0000000792200000, 0x0000000792200000|100%| O|  |TAMS 0x0000000792200000, 0x0000000792200000| Untracked 
| 401|0x0000000792200000, 0x0000000792400000, 0x0000000792400000|100%| O|  |TAMS 0x0000000792400000, 0x0000000792400000| Untracked 
| 402|0x0000000792400000, 0x0000000792600000, 0x0000000792600000|100%| O|  |TAMS 0x0000000792600000, 0x0000000792600000| Untracked 
| 403|0x0000000792600000, 0x0000000792800000, 0x0000000792800000|100%| O|  |TAMS 0x0000000792800000, 0x0000000792800000| Untracked 
| 404|0x0000000792800000, 0x0000000792a00000, 0x0000000792a00000|100%| O|  |TAMS 0x0000000792a00000, 0x0000000792a00000| Untracked 
| 405|0x0000000792a00000, 0x0000000792a00000, 0x0000000792c00000|  0%| F|  |TAMS 0x0000000792a00000, 0x0000000792a00000| Untracked 
| 406|0x0000000792c00000, 0x0000000792c00000, 0x0000000792e00000|  0%| F|  |TAMS 0x0000000792c00000, 0x0000000792c00000| Untracked 
| 407|0x0000000792e00000, 0x0000000792e00000, 0x0000000793000000|  0%| F|  |TAMS 0x0000000792e00000, 0x0000000792e00000| Untracked 
| 408|0x0000000793000000, 0x0000000793000000, 0x0000000793200000|  0%| F|  |TAMS 0x0000000793000000, 0x0000000793000000| Untracked 
| 409|0x0000000793200000, 0x0000000793200000, 0x0000000793400000|  0%| F|  |TAMS 0x0000000793200000, 0x0000000793200000| Untracked 
| 410|0x0000000793400000, 0x0000000793400000, 0x0000000793600000|  0%| F|  |TAMS 0x0000000793400000, 0x0000000793400000| Untracked 
| 411|0x0000000793600000, 0x0000000793600000, 0x0000000793800000|  0%| F|  |TAMS 0x0000000793600000, 0x0000000793600000| Untracked 
| 412|0x0000000793800000, 0x0000000793800000, 0x0000000793a00000|  0%| F|  |TAMS 0x0000000793800000, 0x0000000793800000| Untracked 
| 413|0x0000000793a00000, 0x0000000793c00000, 0x0000000793c00000|100%| O|  |TAMS 0x0000000793c00000, 0x0000000793c00000| Untracked 
| 414|0x0000000793c00000, 0x0000000793c00000, 0x0000000793e00000|  0%| F|  |TAMS 0x0000000793c00000, 0x0000000793c00000| Untracked 
| 415|0x0000000793e00000, 0x0000000793e00000, 0x0000000794000000|  0%| F|  |TAMS 0x0000000793e00000, 0x0000000793e00000| Untracked 
| 416|0x0000000794000000, 0x0000000794000000, 0x0000000794200000|  0%| F|  |TAMS 0x0000000794000000, 0x0000000794000000| Untracked 
| 417|0x0000000794200000, 0x0000000794200000, 0x0000000794400000|  0%| F|  |TAMS 0x0000000794200000, 0x0000000794200000| Untracked 
| 418|0x0000000794400000, 0x0000000794400000, 0x0000000794600000|  0%| F|  |TAMS 0x0000000794400000, 0x0000000794400000| Untracked 
| 419|0x0000000794600000, 0x0000000794600000, 0x0000000794800000|  0%| F|  |TAMS 0x0000000794600000, 0x0000000794600000| Untracked 
| 420|0x0000000794800000, 0x0000000794800000, 0x0000000794a00000|  0%| F|  |TAMS 0x0000000794800000, 0x0000000794800000| Untracked 
| 421|0x0000000794a00000, 0x0000000794a00000, 0x0000000794c00000|  0%| F|  |TAMS 0x0000000794a00000, 0x0000000794a00000| Untracked 
| 422|0x0000000794c00000, 0x0000000794c00000, 0x0000000794e00000|  0%| F|  |TAMS 0x0000000794c00000, 0x0000000794c00000| Untracked 
| 423|0x0000000794e00000, 0x0000000794e00000, 0x0000000795000000|  0%| F|  |TAMS 0x0000000794e00000, 0x0000000794e00000| Untracked 
| 424|0x0000000795000000, 0x0000000795000000, 0x0000000795200000|  0%| F|  |TAMS 0x0000000795000000, 0x0000000795000000| Untracked 
| 425|0x0000000795200000, 0x0000000795200000, 0x0000000795400000|  0%| F|  |TAMS 0x0000000795200000, 0x0000000795200000| Untracked 
| 426|0x0000000795400000, 0x0000000795400000, 0x0000000795600000|  0%| F|  |TAMS 0x0000000795400000, 0x0000000795400000| Untracked 
| 427|0x0000000795600000, 0x0000000795600000, 0x0000000795800000|  0%| F|  |TAMS 0x0000000795600000, 0x0000000795600000| Untracked 
| 428|0x0000000795800000, 0x0000000795800000, 0x0000000795a00000|  0%| F|  |TAMS 0x0000000795800000, 0x0000000795800000| Untracked 
| 429|0x0000000795a00000, 0x0000000795a00000, 0x0000000795c00000|  0%| F|  |TAMS 0x0000000795a00000, 0x0000000795a00000| Untracked 
| 430|0x0000000795c00000, 0x0000000795c00000, 0x0000000795e00000|  0%| F|  |TAMS 0x0000000795c00000, 0x0000000795c00000| Untracked 
| 431|0x0000000795e00000, 0x0000000795e00000, 0x0000000796000000|  0%| F|  |TAMS 0x0000000795e00000, 0x0000000795e00000| Untracked 
| 432|0x0000000796000000, 0x0000000796000000, 0x0000000796200000|  0%| F|  |TAMS 0x0000000796000000, 0x0000000796000000| Untracked 
| 433|0x0000000796200000, 0x0000000796400000, 0x0000000796400000|100%| O|  |TAMS 0x0000000796400000, 0x0000000796400000| Untracked 
| 434|0x0000000796400000, 0x0000000796400000, 0x0000000796600000|  0%| F|  |TAMS 0x0000000796400000, 0x0000000796400000| Untracked 
| 435|0x0000000796600000, 0x0000000796600000, 0x0000000796800000|  0%| F|  |TAMS 0x0000000796600000, 0x0000000796600000| Untracked 
| 436|0x0000000796800000, 0x0000000796800000, 0x0000000796a00000|  0%| F|  |TAMS 0x0000000796800000, 0x0000000796800000| Untracked 
| 437|0x0000000796a00000, 0x0000000796a00000, 0x0000000796c00000|  0%| F|  |TAMS 0x0000000796a00000, 0x0000000796a00000| Untracked 
| 438|0x0000000796c00000, 0x0000000796c00000, 0x0000000796e00000|  0%| F|  |TAMS 0x0000000796c00000, 0x0000000796c00000| Untracked 
| 439|0x0000000796e00000, 0x0000000796e00000, 0x0000000797000000|  0%| F|  |TAMS 0x0000000796e00000, 0x0000000796e00000| Untracked 
| 440|0x0000000797000000, 0x0000000797000000, 0x0000000797200000|  0%| F|  |TAMS 0x0000000797000000, 0x0000000797000000| Untracked 
| 441|0x0000000797200000, 0x0000000797200000, 0x0000000797400000|  0%| F|  |TAMS 0x0000000797200000, 0x0000000797200000| Untracked 
| 442|0x0000000797400000, 0x0000000797400000, 0x0000000797600000|  0%| F|  |TAMS 0x0000000797400000, 0x0000000797400000| Untracked 
| 443|0x0000000797600000, 0x0000000797600000, 0x0000000797800000|  0%| F|  |TAMS 0x0000000797600000, 0x0000000797600000| Untracked 
| 444|0x0000000797800000, 0x0000000797800000, 0x0000000797a00000|  0%| F|  |TAMS 0x0000000797800000, 0x0000000797800000| Untracked 
| 445|0x0000000797a00000, 0x0000000797a00000, 0x0000000797c00000|  0%| F|  |TAMS 0x0000000797a00000, 0x0000000797a00000| Untracked 
| 446|0x0000000797c00000, 0x0000000797c00000, 0x0000000797e00000|  0%| F|  |TAMS 0x0000000797c00000, 0x0000000797c00000| Untracked 
| 447|0x0000000797e00000, 0x0000000797e00000, 0x0000000798000000|  0%| F|  |TAMS 0x0000000797e00000, 0x0000000797e00000| Untracked 
| 448|0x0000000798000000, 0x0000000798000000, 0x0000000798200000|  0%| F|  |TAMS 0x0000000798000000, 0x0000000798000000| Untracked 
| 449|0x0000000798200000, 0x0000000798200000, 0x0000000798400000|  0%| F|  |TAMS 0x0000000798200000, 0x0000000798200000| Untracked 
| 450|0x0000000798400000, 0x0000000798400000, 0x0000000798600000|  0%| F|  |TAMS 0x0000000798400000, 0x0000000798400000| Untracked 
| 451|0x0000000798600000, 0x0000000798600000, 0x0000000798800000|  0%| F|  |TAMS 0x0000000798600000, 0x0000000798600000| Untracked 
| 452|0x0000000798800000, 0x0000000798800000, 0x0000000798a00000|  0%| F|  |TAMS 0x0000000798800000, 0x0000000798800000| Untracked 
| 453|0x0000000798a00000, 0x0000000798a00000, 0x0000000798c00000|  0%| F|  |TAMS 0x0000000798a00000, 0x0000000798a00000| Untracked 
| 454|0x0000000798c00000, 0x0000000798c00000, 0x0000000798e00000|  0%| F|  |TAMS 0x0000000798c00000, 0x0000000798c00000| Untracked 
| 455|0x0000000798e00000, 0x0000000798e00000, 0x0000000799000000|  0%| F|  |TAMS 0x0000000798e00000, 0x0000000798e00000| Untracked 
| 456|0x0000000799000000, 0x0000000799000000, 0x0000000799200000|  0%| F|  |TAMS 0x0000000799000000, 0x0000000799000000| Untracked 
| 457|0x0000000799200000, 0x0000000799200000, 0x0000000799400000|  0%| F|  |TAMS 0x0000000799200000, 0x0000000799200000| Untracked 
| 458|0x0000000799400000, 0x0000000799400000, 0x0000000799600000|  0%| F|  |TAMS 0x0000000799400000, 0x0000000799400000| Untracked 
| 459|0x0000000799600000, 0x0000000799600000, 0x0000000799800000|  0%| F|  |TAMS 0x0000000799600000, 0x0000000799600000| Untracked 
| 460|0x0000000799800000, 0x0000000799800000, 0x0000000799a00000|  0%| F|  |TAMS 0x0000000799800000, 0x0000000799800000| Untracked 
| 461|0x0000000799a00000, 0x0000000799a00000, 0x0000000799c00000|  0%| F|  |TAMS 0x0000000799a00000, 0x0000000799a00000| Untracked 
| 462|0x0000000799c00000, 0x0000000799c00000, 0x0000000799e00000|  0%| F|  |TAMS 0x0000000799c00000, 0x0000000799c00000| Untracked 
| 463|0x0000000799e00000, 0x0000000799e00000, 0x000000079a000000|  0%| F|  |TAMS 0x0000000799e00000, 0x0000000799e00000| Untracked 
| 464|0x000000079a000000, 0x000000079a000000, 0x000000079a200000|  0%| F|  |TAMS 0x000000079a000000, 0x000000079a000000| Untracked 
| 465|0x000000079a200000, 0x000000079a200000, 0x000000079a400000|  0%| F|  |TAMS 0x000000079a200000, 0x000000079a200000| Untracked 
| 466|0x000000079a400000, 0x000000079a400000, 0x000000079a600000|  0%| F|  |TAMS 0x000000079a400000, 0x000000079a400000| Untracked 
| 467|0x000000079a600000, 0x000000079a800000, 0x000000079a800000|100%| O|  |TAMS 0x000000079a800000, 0x000000079a800000| Untracked 
| 468|0x000000079a800000, 0x000000079aa00000, 0x000000079aa00000|100%| O|  |TAMS 0x000000079aa00000, 0x000000079aa00000| Untracked 
| 469|0x000000079aa00000, 0x000000079ac00000, 0x000000079ac00000|100%| O|  |TAMS 0x000000079ac00000, 0x000000079ac00000| Untracked 
| 470|0x000000079ac00000, 0x000000079ac00000, 0x000000079ae00000|  0%| F|  |TAMS 0x000000079ac00000, 0x000000079ac00000| Untracked 
| 471|0x000000079ae00000, 0x000000079ae00000, 0x000000079b000000|  0%| F|  |TAMS 0x000000079ae00000, 0x000000079ae00000| Untracked 
| 472|0x000000079b000000, 0x000000079b000000, 0x000000079b200000|  0%| F|  |TAMS 0x000000079b000000, 0x000000079b000000| Untracked 
| 473|0x000000079b200000, 0x000000079b200000, 0x000000079b400000|  0%| F|  |TAMS 0x000000079b200000, 0x000000079b200000| Untracked 
| 474|0x000000079b400000, 0x000000079b400000, 0x000000079b600000|  0%| F|  |TAMS 0x000000079b400000, 0x000000079b400000| Untracked 
| 475|0x000000079b600000, 0x000000079b800000, 0x000000079b800000|100%| O|  |TAMS 0x000000079b800000, 0x000000079b800000| Untracked 
| 476|0x000000079b800000, 0x000000079ba00000, 0x000000079ba00000|100%| O|  |TAMS 0x000000079ba00000, 0x000000079ba00000| Untracked 
| 477|0x000000079ba00000, 0x000000079ba00000, 0x000000079bc00000|  0%| F|  |TAMS 0x000000079ba00000, 0x000000079ba00000| Untracked 
| 478|0x000000079bc00000, 0x000000079bc00000, 0x000000079be00000|  0%| F|  |TAMS 0x000000079bc00000, 0x000000079bc00000| Untracked 
| 479|0x000000079be00000, 0x000000079be00000, 0x000000079c000000|  0%| F|  |TAMS 0x000000079be00000, 0x000000079be00000| Untracked 
| 480|0x000000079c000000, 0x000000079c000000, 0x000000079c200000|  0%| F|  |TAMS 0x000000079c000000, 0x000000079c000000| Untracked 
| 481|0x000000079c200000, 0x000000079c400000, 0x000000079c400000|100%| O|  |TAMS 0x000000079c400000, 0x000000079c400000| Untracked 
| 482|0x000000079c400000, 0x000000079c600000, 0x000000079c600000|100%| O|  |TAMS 0x000000079c600000, 0x000000079c600000| Untracked 
| 483|0x000000079c600000, 0x000000079c800000, 0x000000079c800000|100%| O|  |TAMS 0x000000079c800000, 0x000000079c800000| Untracked 
| 484|0x000000079c800000, 0x000000079ca00000, 0x000000079ca00000|100%| O|  |TAMS 0x000000079ca00000, 0x000000079ca00000| Untracked 
| 485|0x000000079ca00000, 0x000000079cc00000, 0x000000079cc00000|100%| O|  |TAMS 0x000000079cc00000, 0x000000079cc00000| Untracked 
| 486|0x000000079cc00000, 0x000000079ce00000, 0x000000079ce00000|100%| O|  |TAMS 0x000000079ce00000, 0x000000079ce00000| Untracked 
| 487|0x000000079ce00000, 0x000000079d000000, 0x000000079d000000|100%| O|  |TAMS 0x000000079d000000, 0x000000079d000000| Untracked 
| 488|0x000000079d000000, 0x000000079d200000, 0x000000079d200000|100%| O|  |TAMS 0x000000079d200000, 0x000000079d200000| Untracked 
| 489|0x000000079d200000, 0x000000079d400000, 0x000000079d400000|100%| O|  |TAMS 0x000000079d400000, 0x000000079d400000| Untracked 
| 490|0x000000079d400000, 0x000000079d600000, 0x000000079d600000|100%| O|  |TAMS 0x000000079d600000, 0x000000079d600000| Untracked 
| 491|0x000000079d600000, 0x000000079d800000, 0x000000079d800000|100%| O|  |TAMS 0x000000079d800000, 0x000000079d800000| Untracked 
| 492|0x000000079d800000, 0x000000079da00000, 0x000000079da00000|100%| O|  |TAMS 0x000000079da00000, 0x000000079da00000| Untracked 
| 493|0x000000079da00000, 0x000000079dc00000, 0x000000079dc00000|100%| O|  |TAMS 0x000000079dc00000, 0x000000079dc00000| Untracked 
| 494|0x000000079dc00000, 0x000000079de00000, 0x000000079de00000|100%| O|  |TAMS 0x000000079de00000, 0x000000079de00000| Untracked 
| 495|0x000000079de00000, 0x000000079e000000, 0x000000079e000000|100%| O|  |TAMS 0x000000079e000000, 0x000000079e000000| Untracked 
| 496|0x000000079e000000, 0x000000079e200000, 0x000000079e200000|100%| O|  |TAMS 0x000000079e200000, 0x000000079e200000| Untracked 
| 497|0x000000079e200000, 0x000000079e400000, 0x000000079e400000|100%| O|  |TAMS 0x000000079e400000, 0x000000079e400000| Untracked 
| 498|0x000000079e400000, 0x000000079e600000, 0x000000079e600000|100%| O|  |TAMS 0x000000079e600000, 0x000000079e600000| Untracked 
| 499|0x000000079e600000, 0x000000079e800000, 0x000000079e800000|100%| O|  |TAMS 0x000000079e800000, 0x000000079e800000| Untracked 
| 500|0x000000079e800000, 0x000000079ea00000, 0x000000079ea00000|100%| O|  |TAMS 0x000000079ea00000, 0x000000079ea00000| Untracked 
| 501|0x000000079ea00000, 0x000000079ec00000, 0x000000079ec00000|100%| O|  |TAMS 0x000000079ec00000, 0x000000079ec00000| Untracked 
| 502|0x000000079ec00000, 0x000000079ee00000, 0x000000079ee00000|100%| O|  |TAMS 0x000000079ee00000, 0x000000079ee00000| Untracked 
| 503|0x000000079ee00000, 0x000000079f000000, 0x000000079f000000|100%| O|  |TAMS 0x000000079f000000, 0x000000079f000000| Untracked 
| 504|0x000000079f000000, 0x000000079f200000, 0x000000079f200000|100%| O|  |TAMS 0x000000079f200000, 0x000000079f200000| Untracked 
| 505|0x000000079f200000, 0x000000079f400000, 0x000000079f400000|100%| O|  |TAMS 0x000000079f400000, 0x000000079f400000| Untracked 
| 506|0x000000079f400000, 0x000000079f600000, 0x000000079f600000|100%| O|  |TAMS 0x000000079f600000, 0x000000079f600000| Untracked 
| 507|0x000000079f600000, 0x000000079f800000, 0x000000079f800000|100%| O|  |TAMS 0x000000079f800000, 0x000000079f800000| Untracked 
| 508|0x000000079f800000, 0x000000079fa00000, 0x000000079fa00000|100%| O|  |TAMS 0x000000079fa00000, 0x000000079fa00000| Untracked 
| 509|0x000000079fa00000, 0x000000079fc00000, 0x000000079fc00000|100%| O|  |TAMS 0x000000079fc00000, 0x000000079fc00000| Untracked 
| 510|0x000000079fc00000, 0x000000079fe00000, 0x000000079fe00000|100%| O|  |TAMS 0x000000079fe00000, 0x000000079fe00000| Untracked 
| 511|0x000000079fe00000, 0x00000007a0000000, 0x00000007a0000000|100%| O|  |TAMS 0x00000007a0000000, 0x00000007a0000000| Untracked 
| 512|0x00000007a0000000, 0x00000007a0200000, 0x00000007a0200000|100%| O|  |TAMS 0x00000007a0200000, 0x00000007a0200000| Untracked 
| 513|0x00000007a0200000, 0x00000007a0400000, 0x00000007a0400000|100%| O|  |TAMS 0x00000007a0400000, 0x00000007a0400000| Untracked 
| 514|0x00000007a0400000, 0x00000007a0600000, 0x00000007a0600000|100%| O|  |TAMS 0x00000007a0600000, 0x00000007a0600000| Untracked 
| 515|0x00000007a0600000, 0x00000007a0800000, 0x00000007a0800000|100%| O|  |TAMS 0x00000007a0800000, 0x00000007a0800000| Untracked 
| 516|0x00000007a0800000, 0x00000007a0a00000, 0x00000007a0a00000|100%| O|  |TAMS 0x00000007a0a00000, 0x00000007a0a00000| Untracked 
| 517|0x00000007a0a00000, 0x00000007a0c00000, 0x00000007a0c00000|100%| O|  |TAMS 0x00000007a0c00000, 0x00000007a0c00000| Untracked 
| 518|0x00000007a0c00000, 0x00000007a0e00000, 0x00000007a0e00000|100%| O|  |TAMS 0x00000007a0e00000, 0x00000007a0e00000| Untracked 
| 519|0x00000007a0e00000, 0x00000007a1000000, 0x00000007a1000000|100%| O|  |TAMS 0x00000007a1000000, 0x00000007a1000000| Untracked 
| 520|0x00000007a1000000, 0x00000007a1200000, 0x00000007a1200000|100%|HS|  |TAMS 0x00000007a1200000, 0x00000007a1200000| Complete 
| 521|0x00000007a1200000, 0x00000007a1400000, 0x00000007a1400000|100%|HC|  |TAMS 0x00000007a1400000, 0x00000007a1400000| Complete 
| 522|0x00000007a1400000, 0x00000007a1600000, 0x00000007a1600000|100%|HC|  |TAMS 0x00000007a1600000, 0x00000007a1600000| Complete 
| 523|0x00000007a1600000, 0x00000007a1800000, 0x00000007a1800000|100%|HC|  |TAMS 0x00000007a1800000, 0x00000007a1800000| Complete 
| 524|0x00000007a1800000, 0x00000007a1a00000, 0x00000007a1a00000|100%|HC|  |TAMS 0x00000007a1a00000, 0x00000007a1a00000| Complete 
| 525|0x00000007a1a00000, 0x00000007a1c00000, 0x00000007a1c00000|100%|HC|  |TAMS 0x00000007a1c00000, 0x00000007a1c00000| Complete 
| 526|0x00000007a1c00000, 0x00000007a1e00000, 0x00000007a1e00000|100%|HC|  |TAMS 0x00000007a1e00000, 0x00000007a1e00000| Complete 
| 527|0x00000007a1e00000, 0x00000007a2000000, 0x00000007a2000000|100%|HS|  |TAMS 0x00000007a1e00000, 0x00000007a2000000| Complete 
| 528|0x00000007a2000000, 0x00000007a2000000, 0x00000007a2200000|  0%| F|  |TAMS 0x00000007a2000000, 0x00000007a2000000| Untracked 
| 529|0x00000007a2200000, 0x00000007a2400000, 0x00000007a2400000|100%| O|  |TAMS 0x00000007a2400000, 0x00000007a2400000| Untracked 
| 530|0x00000007a2400000, 0x00000007a2600000, 0x00000007a2600000|100%| O|  |TAMS 0x00000007a2600000, 0x00000007a2600000| Untracked 
| 531|0x00000007a2600000, 0x00000007a2800000, 0x00000007a2800000|100%| O|  |TAMS 0x00000007a2800000, 0x00000007a2800000| Untracked 
| 532|0x00000007a2800000, 0x00000007a2800000, 0x00000007a2a00000|  0%| F|  |TAMS 0x00000007a2800000, 0x00000007a2800000| Untracked 
| 533|0x00000007a2a00000, 0x00000007a2a00000, 0x00000007a2c00000|  0%| F|  |TAMS 0x00000007a2a00000, 0x00000007a2a00000| Untracked 
| 534|0x00000007a2c00000, 0x00000007a2c00000, 0x00000007a2e00000|  0%| F|  |TAMS 0x00000007a2c00000, 0x00000007a2c00000| Untracked 
| 535|0x00000007a2e00000, 0x00000007a2e00000, 0x00000007a3000000|  0%| F|  |TAMS 0x00000007a2e00000, 0x00000007a2e00000| Untracked 
| 536|0x00000007a3000000, 0x00000007a3000000, 0x00000007a3200000|  0%| F|  |TAMS 0x00000007a3000000, 0x00000007a3000000| Untracked 
| 537|0x00000007a3200000, 0x00000007a3200000, 0x00000007a3400000|  0%| F|  |TAMS 0x00000007a3200000, 0x00000007a3200000| Untracked 
| 538|0x00000007a3400000, 0x00000007a3400000, 0x00000007a3600000|  0%| F|  |TAMS 0x00000007a3400000, 0x00000007a3400000| Untracked 
| 539|0x00000007a3600000, 0x00000007a3800000, 0x00000007a3800000|100%| O|  |TAMS 0x00000007a3800000, 0x00000007a3800000| Untracked 
| 540|0x00000007a3800000, 0x00000007a3a00000, 0x00000007a3a00000|100%| O|  |TAMS 0x00000007a3a00000, 0x00000007a3a00000| Untracked 
| 541|0x00000007a3a00000, 0x00000007a3c00000, 0x00000007a3c00000|100%| O|  |TAMS 0x00000007a3c00000, 0x00000007a3c00000| Untracked 
| 542|0x00000007a3c00000, 0x00000007a3e00000, 0x00000007a3e00000|100%| O|  |TAMS 0x00000007a3cff600, 0x00000007a3e00000| Untracked 
| 543|0x00000007a3e00000, 0x00000007a3e00000, 0x00000007a4000000|  0%| F|  |TAMS 0x00000007a3e00000, 0x00000007a3e00000| Untracked 
| 544|0x00000007a4000000, 0x00000007a4000000, 0x00000007a4200000|  0%| F|  |TAMS 0x00000007a4000000, 0x00000007a4000000| Untracked 
| 545|0x00000007a4200000, 0x00000007a4200000, 0x00000007a4400000|  0%| F|  |TAMS 0x00000007a4200000, 0x00000007a4200000| Untracked 
| 546|0x00000007a4400000, 0x00000007a4400000, 0x00000007a4600000|  0%| F|  |TAMS 0x00000007a4400000, 0x00000007a4400000| Untracked 
| 547|0x00000007a4600000, 0x00000007a4600000, 0x00000007a4800000|  0%| F|  |TAMS 0x00000007a4600000, 0x00000007a4600000| Untracked 
| 548|0x00000007a4800000, 0x00000007a4800000, 0x00000007a4a00000|  0%| F|  |TAMS 0x00000007a4800000, 0x00000007a4800000| Untracked 
| 549|0x00000007a4a00000, 0x00000007a4a00000, 0x00000007a4c00000|  0%| F|  |TAMS 0x00000007a4a00000, 0x00000007a4a00000| Untracked 
| 550|0x00000007a4c00000, 0x00000007a4c00000, 0x00000007a4e00000|  0%| F|  |TAMS 0x00000007a4c00000, 0x00000007a4c00000| Untracked 
| 551|0x00000007a4e00000, 0x00000007a4e00000, 0x00000007a5000000|  0%| F|  |TAMS 0x00000007a4e00000, 0x00000007a4e00000| Untracked 
| 552|0x00000007a5000000, 0x00000007a5000000, 0x00000007a5200000|  0%| F|  |TAMS 0x00000007a5000000, 0x00000007a5000000| Untracked 
| 553|0x00000007a5200000, 0x00000007a5200000, 0x00000007a5400000|  0%| F|  |TAMS 0x00000007a5200000, 0x00000007a5200000| Untracked 
| 554|0x00000007a5400000, 0x00000007a5400000, 0x00000007a5600000|  0%| F|  |TAMS 0x00000007a5400000, 0x00000007a5400000| Untracked 
| 555|0x00000007a5600000, 0x00000007a5600000, 0x00000007a5800000|  0%| F|  |TAMS 0x00000007a5600000, 0x00000007a5600000| Untracked 
| 556|0x00000007a5800000, 0x00000007a5800000, 0x00000007a5a00000|  0%| F|  |TAMS 0x00000007a5800000, 0x00000007a5800000| Untracked 
| 557|0x00000007a5a00000, 0x00000007a5a00000, 0x00000007a5c00000|  0%| F|  |TAMS 0x00000007a5a00000, 0x00000007a5a00000| Untracked 
| 558|0x00000007a5c00000, 0x00000007a5c00000, 0x00000007a5e00000|  0%| F|  |TAMS 0x00000007a5c00000, 0x00000007a5c00000| Untracked 
| 559|0x00000007a5e00000, 0x00000007a5e00000, 0x00000007a6000000|  0%| F|  |TAMS 0x00000007a5e00000, 0x00000007a5e00000| Untracked 
| 560|0x00000007a6000000, 0x00000007a6000000, 0x00000007a6200000|  0%| F|  |TAMS 0x00000007a6000000, 0x00000007a6000000| Untracked 
| 561|0x00000007a6200000, 0x00000007a6200000, 0x00000007a6400000|  0%| F|  |TAMS 0x00000007a6200000, 0x00000007a6200000| Untracked 
| 562|0x00000007a6400000, 0x00000007a6400000, 0x00000007a6600000|  0%| F|  |TAMS 0x00000007a6400000, 0x00000007a6400000| Untracked 
| 563|0x00000007a6600000, 0x00000007a6600000, 0x00000007a6800000|  0%| F|  |TAMS 0x00000007a6600000, 0x00000007a6600000| Untracked 
| 564|0x00000007a6800000, 0x00000007a6800000, 0x00000007a6a00000|  0%| F|  |TAMS 0x00000007a6800000, 0x00000007a6800000| Untracked 
| 565|0x00000007a6a00000, 0x00000007a6a00000, 0x00000007a6c00000|  0%| F|  |TAMS 0x00000007a6a00000, 0x00000007a6a00000| Untracked 
| 566|0x00000007a6c00000, 0x00000007a6c00000, 0x00000007a6e00000|  0%| F|  |TAMS 0x00000007a6c00000, 0x00000007a6c00000| Untracked 
| 567|0x00000007a6e00000, 0x00000007a6e00000, 0x00000007a7000000|  0%| F|  |TAMS 0x00000007a6e00000, 0x00000007a6e00000| Untracked 
| 568|0x00000007a7000000, 0x00000007a7000000, 0x00000007a7200000|  0%| F|  |TAMS 0x00000007a7000000, 0x00000007a7000000| Untracked 
| 569|0x00000007a7200000, 0x00000007a7200000, 0x00000007a7400000|  0%| F|  |TAMS 0x00000007a7200000, 0x00000007a7200000| Untracked 
| 570|0x00000007a7400000, 0x00000007a7400000, 0x00000007a7600000|  0%| F|  |TAMS 0x00000007a7400000, 0x00000007a7400000| Untracked 
| 571|0x00000007a7600000, 0x00000007a7600000, 0x00000007a7800000|  0%| F|  |TAMS 0x00000007a7600000, 0x00000007a7600000| Untracked 
| 572|0x00000007a7800000, 0x00000007a7800000, 0x00000007a7a00000|  0%| F|  |TAMS 0x00000007a7800000, 0x00000007a7800000| Untracked 
| 573|0x00000007a7a00000, 0x00000007a7a00000, 0x00000007a7c00000|  0%| F|  |TAMS 0x00000007a7a00000, 0x00000007a7a00000| Untracked 
| 574|0x00000007a7c00000, 0x00000007a7c00000, 0x00000007a7e00000|  0%| F|  |TAMS 0x00000007a7c00000, 0x00000007a7c00000| Untracked 
| 575|0x00000007a7e00000, 0x00000007a7e00000, 0x00000007a8000000|  0%| F|  |TAMS 0x00000007a7e00000, 0x00000007a7e00000| Untracked 
| 576|0x00000007a8000000, 0x00000007a8000000, 0x00000007a8200000|  0%| F|  |TAMS 0x00000007a8000000, 0x00000007a8000000| Untracked 
| 577|0x00000007a8200000, 0x00000007a8200000, 0x00000007a8400000|  0%| F|  |TAMS 0x00000007a8200000, 0x00000007a8200000| Untracked 
| 578|0x00000007a8400000, 0x00000007a8400000, 0x00000007a8600000|  0%| F|  |TAMS 0x00000007a8400000, 0x00000007a8400000| Untracked 
| 579|0x00000007a8600000, 0x00000007a8600000, 0x00000007a8800000|  0%| F|  |TAMS 0x00000007a8600000, 0x00000007a8600000| Untracked 
| 580|0x00000007a8800000, 0x00000007a8800000, 0x00000007a8a00000|  0%| F|  |TAMS 0x00000007a8800000, 0x00000007a8800000| Untracked 
| 581|0x00000007a8a00000, 0x00000007a8a00000, 0x00000007a8c00000|  0%| F|  |TAMS 0x00000007a8a00000, 0x00000007a8a00000| Untracked 
| 582|0x00000007a8c00000, 0x00000007a8c00000, 0x00000007a8e00000|  0%| F|  |TAMS 0x00000007a8c00000, 0x00000007a8c00000| Untracked 
| 583|0x00000007a8e00000, 0x00000007a8e00000, 0x00000007a9000000|  0%| F|  |TAMS 0x00000007a8e00000, 0x00000007a8e00000| Untracked 
| 584|0x00000007a9000000, 0x00000007a9000000, 0x00000007a9200000|  0%| F|  |TAMS 0x00000007a9000000, 0x00000007a9000000| Untracked 
| 585|0x00000007a9200000, 0x00000007a9200000, 0x00000007a9400000|  0%| F|  |TAMS 0x00000007a9200000, 0x00000007a9200000| Untracked 
| 586|0x00000007a9400000, 0x00000007a9400000, 0x00000007a9600000|  0%| F|  |TAMS 0x00000007a9400000, 0x00000007a9400000| Untracked 
| 587|0x00000007a9600000, 0x00000007a9600000, 0x00000007a9800000|  0%| F|  |TAMS 0x00000007a9600000, 0x00000007a9600000| Untracked 
| 588|0x00000007a9800000, 0x00000007a9800000, 0x00000007a9a00000|  0%| F|  |TAMS 0x00000007a9800000, 0x00000007a9800000| Untracked 
| 589|0x00000007a9a00000, 0x00000007a9a00000, 0x00000007a9c00000|  0%| F|  |TAMS 0x00000007a9a00000, 0x00000007a9a00000| Untracked 
| 590|0x00000007a9c00000, 0x00000007a9c00000, 0x00000007a9e00000|  0%| F|  |TAMS 0x00000007a9c00000, 0x00000007a9c00000| Untracked 
| 591|0x00000007a9e00000, 0x00000007a9e00000, 0x00000007aa000000|  0%| F|  |TAMS 0x00000007a9e00000, 0x00000007a9e00000| Untracked 
| 592|0x00000007aa000000, 0x00000007aa000000, 0x00000007aa200000|  0%| F|  |TAMS 0x00000007aa000000, 0x00000007aa000000| Untracked 
| 593|0x00000007aa200000, 0x00000007aa200000, 0x00000007aa400000|  0%| F|  |TAMS 0x00000007aa200000, 0x00000007aa200000| Untracked 
| 594|0x00000007aa400000, 0x00000007aa400000, 0x00000007aa600000|  0%| F|  |TAMS 0x00000007aa400000, 0x00000007aa400000| Untracked 
| 595|0x00000007aa600000, 0x00000007aa600000, 0x00000007aa800000|  0%| F|  |TAMS 0x00000007aa600000, 0x00000007aa600000| Untracked 
| 596|0x00000007aa800000, 0x00000007aa800000, 0x00000007aaa00000|  0%| F|  |TAMS 0x00000007aa800000, 0x00000007aa800000| Untracked 
| 597|0x00000007aaa00000, 0x00000007aaa00000, 0x00000007aac00000|  0%| F|  |TAMS 0x00000007aaa00000, 0x00000007aaa00000| Untracked 
| 598|0x00000007aac00000, 0x00000007aac00000, 0x00000007aae00000|  0%| F|  |TAMS 0x00000007aac00000, 0x00000007aac00000| Untracked 
| 599|0x00000007aae00000, 0x00000007aae00000, 0x00000007ab000000|  0%| F|  |TAMS 0x00000007aae00000, 0x00000007aae00000| Untracked 
| 600|0x00000007ab000000, 0x00000007ab000000, 0x00000007ab200000|  0%| F|  |TAMS 0x00000007ab000000, 0x00000007ab000000| Untracked 
| 601|0x00000007ab200000, 0x00000007ab200000, 0x00000007ab400000|  0%| F|  |TAMS 0x00000007ab200000, 0x00000007ab200000| Untracked 
| 602|0x00000007ab400000, 0x00000007ab400000, 0x00000007ab600000|  0%| F|  |TAMS 0x00000007ab400000, 0x00000007ab400000| Untracked 
| 603|0x00000007ab600000, 0x00000007ab600000, 0x00000007ab800000|  0%| F|  |TAMS 0x00000007ab600000, 0x00000007ab600000| Untracked 
| 604|0x00000007ab800000, 0x00000007ab800000, 0x00000007aba00000|  0%| F|  |TAMS 0x00000007ab800000, 0x00000007ab800000| Untracked 
| 605|0x00000007aba00000, 0x00000007aba00000, 0x00000007abc00000|  0%| F|  |TAMS 0x00000007aba00000, 0x00000007aba00000| Untracked 
| 606|0x00000007abc00000, 0x00000007abc00000, 0x00000007abe00000|  0%| F|  |TAMS 0x00000007abc00000, 0x00000007abc00000| Untracked 
| 607|0x00000007abe00000, 0x00000007abe00000, 0x00000007ac000000|  0%| F|  |TAMS 0x00000007abe00000, 0x00000007abe00000| Untracked 
| 608|0x00000007ac000000, 0x00000007ac000000, 0x00000007ac200000|  0%| F|  |TAMS 0x00000007ac000000, 0x00000007ac000000| Untracked 
| 609|0x00000007ac200000, 0x00000007ac200000, 0x00000007ac400000|  0%| F|  |TAMS 0x00000007ac200000, 0x00000007ac200000| Untracked 
| 610|0x00000007ac400000, 0x00000007ac400000, 0x00000007ac600000|  0%| F|  |TAMS 0x00000007ac400000, 0x00000007ac400000| Untracked 
| 611|0x00000007ac600000, 0x00000007ac600000, 0x00000007ac800000|  0%| F|  |TAMS 0x00000007ac600000, 0x00000007ac600000| Untracked 
| 612|0x00000007ac800000, 0x00000007ac800000, 0x00000007aca00000|  0%| F|  |TAMS 0x00000007ac800000, 0x00000007ac800000| Untracked 
| 613|0x00000007aca00000, 0x00000007aca00000, 0x00000007acc00000|  0%| F|  |TAMS 0x00000007aca00000, 0x00000007aca00000| Untracked 
| 614|0x00000007acc00000, 0x00000007acc00000, 0x00000007ace00000|  0%| F|  |TAMS 0x00000007acc00000, 0x00000007acc00000| Untracked 
| 615|0x00000007ace00000, 0x00000007ace00000, 0x00000007ad000000|  0%| F|  |TAMS 0x00000007ace00000, 0x00000007ace00000| Untracked 
| 616|0x00000007ad000000, 0x00000007ad000000, 0x00000007ad200000|  0%| F|  |TAMS 0x00000007ad000000, 0x00000007ad000000| Untracked 
| 617|0x00000007ad200000, 0x00000007ad200000, 0x00000007ad400000|  0%| F|  |TAMS 0x00000007ad200000, 0x00000007ad200000| Untracked 
| 618|0x00000007ad400000, 0x00000007ad400000, 0x00000007ad600000|  0%| F|  |TAMS 0x00000007ad400000, 0x00000007ad400000| Untracked 
| 619|0x00000007ad600000, 0x00000007ad600000, 0x00000007ad800000|  0%| F|  |TAMS 0x00000007ad600000, 0x00000007ad600000| Untracked 
| 620|0x00000007ad800000, 0x00000007ad800000, 0x00000007ada00000|  0%| F|  |TAMS 0x00000007ad800000, 0x00000007ad800000| Untracked 
| 621|0x00000007ada00000, 0x00000007ada00000, 0x00000007adc00000|  0%| F|  |TAMS 0x00000007ada00000, 0x00000007ada00000| Untracked 
| 622|0x00000007adc00000, 0x00000007adc00000, 0x00000007ade00000|  0%| F|  |TAMS 0x00000007adc00000, 0x00000007adc00000| Untracked 
| 623|0x00000007ade00000, 0x00000007ade00000, 0x00000007ae000000|  0%| F|  |TAMS 0x00000007ade00000, 0x00000007ade00000| Untracked 
| 624|0x00000007ae000000, 0x00000007ae000000, 0x00000007ae200000|  0%| F|  |TAMS 0x00000007ae000000, 0x00000007ae000000| Untracked 
| 625|0x00000007ae200000, 0x00000007ae200000, 0x00000007ae400000|  0%| F|  |TAMS 0x00000007ae200000, 0x00000007ae200000| Untracked 
| 626|0x00000007ae400000, 0x00000007ae400000, 0x00000007ae600000|  0%| F|  |TAMS 0x00000007ae400000, 0x00000007ae400000| Untracked 
| 627|0x00000007ae600000, 0x00000007ae600000, 0x00000007ae800000|  0%| F|  |TAMS 0x00000007ae600000, 0x00000007ae600000| Untracked 
| 628|0x00000007ae800000, 0x00000007ae800000, 0x00000007aea00000|  0%| F|  |TAMS 0x00000007ae800000, 0x00000007ae800000| Untracked 
| 629|0x00000007aea00000, 0x00000007aea00000, 0x00000007aec00000|  0%| F|  |TAMS 0x00000007aea00000, 0x00000007aea00000| Untracked 
| 630|0x00000007aec00000, 0x00000007aec00000, 0x00000007aee00000|  0%| F|  |TAMS 0x00000007aec00000, 0x00000007aec00000| Untracked 
| 631|0x00000007aee00000, 0x00000007aee00000, 0x00000007af000000|  0%| F|  |TAMS 0x00000007aee00000, 0x00000007aee00000| Untracked 
| 632|0x00000007af000000, 0x00000007af000000, 0x00000007af200000|  0%| F|  |TAMS 0x00000007af000000, 0x00000007af000000| Untracked 
| 633|0x00000007af200000, 0x00000007af200000, 0x00000007af400000|  0%| F|  |TAMS 0x00000007af200000, 0x00000007af200000| Untracked 
| 634|0x00000007af400000, 0x00000007af400000, 0x00000007af600000|  0%| F|  |TAMS 0x00000007af400000, 0x00000007af400000| Untracked 
| 635|0x00000007af600000, 0x00000007af600000, 0x00000007af800000|  0%| F|  |TAMS 0x00000007af600000, 0x00000007af600000| Untracked 
| 636|0x00000007af800000, 0x00000007af800000, 0x00000007afa00000|  0%| F|  |TAMS 0x00000007af800000, 0x00000007af800000| Untracked 
| 637|0x00000007afa00000, 0x00000007afa00000, 0x00000007afc00000|  0%| F|  |TAMS 0x00000007afa00000, 0x00000007afa00000| Untracked 
| 638|0x00000007afc00000, 0x00000007afc00000, 0x00000007afe00000|  0%| F|  |TAMS 0x00000007afc00000, 0x00000007afc00000| Untracked 
| 639|0x00000007afe00000, 0x00000007afe00000, 0x00000007b0000000|  0%| F|  |TAMS 0x00000007afe00000, 0x00000007afe00000| Untracked 
| 640|0x00000007b0000000, 0x00000007b0000000, 0x00000007b0200000|  0%| F|  |TAMS 0x00000007b0000000, 0x00000007b0000000| Untracked 
| 641|0x00000007b0200000, 0x00000007b0200000, 0x00000007b0400000|  0%| F|  |TAMS 0x00000007b0200000, 0x00000007b0200000| Untracked 
| 642|0x00000007b0400000, 0x00000007b0400000, 0x00000007b0600000|  0%| F|  |TAMS 0x00000007b0400000, 0x00000007b0400000| Untracked 
| 643|0x00000007b0600000, 0x00000007b0600000, 0x00000007b0800000|  0%| F|  |TAMS 0x00000007b0600000, 0x00000007b0600000| Untracked 
| 644|0x00000007b0800000, 0x00000007b0800000, 0x00000007b0a00000|  0%| F|  |TAMS 0x00000007b0800000, 0x00000007b0800000| Untracked 
| 645|0x00000007b0a00000, 0x00000007b0a00000, 0x00000007b0c00000|  0%| F|  |TAMS 0x00000007b0a00000, 0x00000007b0a00000| Untracked 
| 646|0x00000007b0c00000, 0x00000007b0c00000, 0x00000007b0e00000|  0%| F|  |TAMS 0x00000007b0c00000, 0x00000007b0c00000| Untracked 
| 647|0x00000007b0e00000, 0x00000007b0e00000, 0x00000007b1000000|  0%| F|  |TAMS 0x00000007b0e00000, 0x00000007b0e00000| Untracked 
| 648|0x00000007b1000000, 0x00000007b1000000, 0x00000007b1200000|  0%| F|  |TAMS 0x00000007b1000000, 0x00000007b1000000| Untracked 
| 649|0x00000007b1200000, 0x00000007b1200000, 0x00000007b1400000|  0%| F|  |TAMS 0x00000007b1200000, 0x00000007b1200000| Untracked 
| 650|0x00000007b1400000, 0x00000007b1400000, 0x00000007b1600000|  0%| F|  |TAMS 0x00000007b1400000, 0x00000007b1400000| Untracked 
| 651|0x00000007b1600000, 0x00000007b1600000, 0x00000007b1800000|  0%| F|  |TAMS 0x00000007b1600000, 0x00000007b1600000| Untracked 
| 652|0x00000007b1800000, 0x00000007b1800000, 0x00000007b1a00000|  0%| F|  |TAMS 0x00000007b1800000, 0x00000007b1800000| Untracked 
| 653|0x00000007b1a00000, 0x00000007b1a00000, 0x00000007b1c00000|  0%| F|  |TAMS 0x00000007b1a00000, 0x00000007b1a00000| Untracked 
| 654|0x00000007b1c00000, 0x00000007b1c00000, 0x00000007b1e00000|  0%| F|  |TAMS 0x00000007b1c00000, 0x00000007b1c00000| Untracked 
| 655|0x00000007b1e00000, 0x00000007b1e00000, 0x00000007b2000000|  0%| F|  |TAMS 0x00000007b1e00000, 0x00000007b1e00000| Untracked 
| 656|0x00000007b2000000, 0x00000007b2000000, 0x00000007b2200000|  0%| F|  |TAMS 0x00000007b2000000, 0x00000007b2000000| Untracked 
| 657|0x00000007b2200000, 0x00000007b2200000, 0x00000007b2400000|  0%| F|  |TAMS 0x00000007b2200000, 0x00000007b2200000| Untracked 
| 658|0x00000007b2400000, 0x00000007b2400000, 0x00000007b2600000|  0%| F|  |TAMS 0x00000007b2400000, 0x00000007b2400000| Untracked 
| 659|0x00000007b2600000, 0x00000007b2600000, 0x00000007b2800000|  0%| F|  |TAMS 0x00000007b2600000, 0x00000007b2600000| Untracked 
| 660|0x00000007b2800000, 0x00000007b2800000, 0x00000007b2a00000|  0%| F|  |TAMS 0x00000007b2800000, 0x00000007b2800000| Untracked 
| 661|0x00000007b2a00000, 0x00000007b2a00000, 0x00000007b2c00000|  0%| F|  |TAMS 0x00000007b2a00000, 0x00000007b2a00000| Untracked 
| 662|0x00000007b2c00000, 0x00000007b2c00000, 0x00000007b2e00000|  0%| F|  |TAMS 0x00000007b2c00000, 0x00000007b2c00000| Untracked 
| 663|0x00000007b2e00000, 0x00000007b2e00000, 0x00000007b3000000|  0%| F|  |TAMS 0x00000007b2e00000, 0x00000007b2e00000| Untracked 
| 664|0x00000007b3000000, 0x00000007b3000000, 0x00000007b3200000|  0%| F|  |TAMS 0x00000007b3000000, 0x00000007b3000000| Untracked 
| 665|0x00000007b3200000, 0x00000007b3200000, 0x00000007b3400000|  0%| F|  |TAMS 0x00000007b3200000, 0x00000007b3200000| Untracked 
| 666|0x00000007b3400000, 0x00000007b3400000, 0x00000007b3600000|  0%| F|  |TAMS 0x00000007b3400000, 0x00000007b3400000| Untracked 
| 667|0x00000007b3600000, 0x00000007b3600000, 0x00000007b3800000|  0%| F|  |TAMS 0x00000007b3600000, 0x00000007b3600000| Untracked 
| 668|0x00000007b3800000, 0x00000007b3800000, 0x00000007b3a00000|  0%| F|  |TAMS 0x00000007b3800000, 0x00000007b3800000| Untracked 
| 669|0x00000007b3a00000, 0x00000007b3a00000, 0x00000007b3c00000|  0%| F|  |TAMS 0x00000007b3a00000, 0x00000007b3a00000| Untracked 
| 670|0x00000007b3c00000, 0x00000007b3c00000, 0x00000007b3e00000|  0%| F|  |TAMS 0x00000007b3c00000, 0x00000007b3c00000| Untracked 
| 671|0x00000007b3e00000, 0x00000007b3e00000, 0x00000007b4000000|  0%| F|  |TAMS 0x00000007b3e00000, 0x00000007b3e00000| Untracked 
| 672|0x00000007b4000000, 0x00000007b4000000, 0x00000007b4200000|  0%| F|  |TAMS 0x00000007b4000000, 0x00000007b4000000| Untracked 
| 673|0x00000007b4200000, 0x00000007b4200000, 0x00000007b4400000|  0%| F|  |TAMS 0x00000007b4200000, 0x00000007b4200000| Untracked 
| 674|0x00000007b4400000, 0x00000007b4400000, 0x00000007b4600000|  0%| F|  |TAMS 0x00000007b4400000, 0x00000007b4400000| Untracked 
| 675|0x00000007b4600000, 0x00000007b4600000, 0x00000007b4800000|  0%| F|  |TAMS 0x00000007b4600000, 0x00000007b4600000| Untracked 
| 676|0x00000007b4800000, 0x00000007b4800000, 0x00000007b4a00000|  0%| F|  |TAMS 0x00000007b4800000, 0x00000007b4800000| Untracked 
| 677|0x00000007b4a00000, 0x00000007b4a00000, 0x00000007b4c00000|  0%| F|  |TAMS 0x00000007b4a00000, 0x00000007b4a00000| Untracked 
| 678|0x00000007b4c00000, 0x00000007b4c00000, 0x00000007b4e00000|  0%| F|  |TAMS 0x00000007b4c00000, 0x00000007b4c00000| Untracked 
| 679|0x00000007b4e00000, 0x00000007b4e00000, 0x00000007b5000000|  0%| F|  |TAMS 0x00000007b4e00000, 0x00000007b4e00000| Untracked 
|1270|0x00000007fec00000, 0x00000007fec00000, 0x00000007fee00000|  0%| F|  |TAMS 0x00000007fec00000, 0x00000007fec00000| Untracked 
|1271|0x00000007fee00000, 0x00000007fee00000, 0x00000007ff000000|  0%| F|  |TAMS 0x00000007fee00000, 0x00000007fee00000| Untracked 
|1272|0x00000007ff000000, 0x00000007ff000000, 0x00000007ff200000|  0%| F|  |TAMS 0x00000007ff000000, 0x00000007ff000000| Untracked 
|1273|0x00000007ff200000, 0x00000007ff200000, 0x00000007ff400000|  0%| F|  |TAMS 0x00000007ff200000, 0x00000007ff200000| Untracked 
|1274|0x00000007ff400000, 0x00000007ff400000, 0x00000007ff600000|  0%| F|  |TAMS 0x00000007ff400000, 0x00000007ff400000| Untracked 
|1275|0x00000007ff600000, 0x00000007ff600000, 0x00000007ff800000|  0%| F|  |TAMS 0x00000007ff600000, 0x00000007ff600000| Untracked 
|1276|0x00000007ff800000, 0x00000007ff800000, 0x00000007ffa00000|  0%| F|  |TAMS 0x00000007ff800000, 0x00000007ff800000| Untracked 
|1277|0x00000007ffa00000, 0x00000007ffa00000, 0x00000007ffc00000|  0%| F|  |TAMS 0x00000007ffa00000, 0x00000007ffa00000| Untracked 
|1278|0x00000007ffc00000, 0x00000007ffc00000, 0x00000007ffe00000|  0%| F|  |TAMS 0x00000007ffc00000, 0x00000007ffc00000| Untracked 
|1279|0x00000007ffe00000, 0x00000007ffe00000, 0x0000000800000000|  0%| F|  |TAMS 0x00000007ffe00000, 0x00000007ffe00000| Untracked 

Card table byte_map: [0x000001747c5f0000,0x000001747caf0000] _byte_map_base: 0x0000017478af0000

Marking Bits (Prev, Next): (CMBitMap*) 0x000001747c08e250, (CMBitMap*) 0x000001747c08e210
 Prev Bits: [0x0000017416ad0000, 0x00000174192d0000)
 Next Bits: [0x000001747cff0000, 0x000001747f7f0000)

Polling page: 0x000001747a120000

Metaspace:

Usage:
  Non-class:    251.47 MB used.
      Class:     36.36 MB used.
       Both:    287.83 MB used.

Virtual space:
  Non-class space:      256.00 MB reserved,     252.75 MB ( 99%) committed,  4 nodes.
      Class space:      416.00 MB reserved,      37.62 MB (  9%) committed,  1 nodes.
             Both:      672.00 MB reserved,     290.38 MB ( 43%) committed. 

Chunk freelists:
   Non-Class:  3.30 MB
       Class:  10.42 MB
        Both:  13.72 MB

MaxMetaspaceSize: 512.00 MB
CompressedClassSpaceSize: 416.00 MB
Initial GC threshold: 21.00 MB
Current GC threshold: 477.12 MB
CDS: on
MetaspaceReclaimPolicy: balanced
 - commit_granule_bytes: 65536.
 - commit_granule_words: 8192.
 - virtual_space_node_default_size: 8388608.
 - enlarge_chunks_in_place: 1.
 - new_chunks_are_fully_committed: 0.
 - uncommit_free_chunks: 1.
 - use_allocation_guard: 0.
 - handle_deallocations: 1.


Internal statistics:

num_allocs_failed_limit: 15.
num_arena_births: 4200.
num_arena_deaths: 4.
num_vsnodes_births: 5.
num_vsnodes_deaths: 0.
num_space_committed: 4644.
num_space_uncommitted: 2.
num_chunks_returned_to_freelist: 40.
num_chunks_taken_from_freelist: 16662.
num_chunk_merges: 19.
num_chunk_splits: 11534.
num_chunks_enlarged: 8117.
num_inconsistent_stats: 0.

CodeHeap 'non-profiled nmethods': size=120000Kb used=36078Kb max_used=36273Kb free=83921Kb
 bounds [0x000001740f5a0000, 0x0000017411920000, 0x0000017416ad0000]
CodeHeap 'profiled nmethods': size=120000Kb used=100990Kb max_used=102968Kb free=19009Kb
 bounds [0x0000017407ad0000, 0x000001740dfb0000, 0x000001740f000000]
CodeHeap 'non-nmethods': size=5760Kb used=2135Kb max_used=2249Kb free=3624Kb
 bounds [0x000001740f000000, 0x000001740f270000, 0x000001740f5a0000]
 total_blobs=44973 nmethods=43682 adapters=1198
 compilation: enabled
              stopped_count=0, restarted_count=0
 full_count=0

Compilation events (20 events):
Event: 396.172 Thread 0x000001747fd16e90 nmethod 58472 0x000001740ba7b790 code [0x000001740ba7bc20, 0x000001740ba7d988]
Event: 396.172 Thread 0x000001747fd14910 58432   !   4       org.jetbrains.kotlin.analysis.api.fir.KaFirSessionProvider::afterLeavingAnalysis (45 bytes)
Event: 396.172 Thread 0x000001747fd16e90 58473       3       com.intellij.psi.util.CachedValuesManager$PsiDependentHandlerProvider::<init> (6 bytes)
Event: 396.173 Thread 0x000001747fd16e90 nmethod 58473 0x0000017409c33c10 code [0x0000017409c33dc0, 0x0000017409c34068]
Event: 396.173 Thread 0x000001747fd16e90 58474       3       com.intellij.psi.util.CachedValuesManager$PsiDependentHandlerProvider::<init> (18 bytes)
Event: 396.173 Thread 0x000001747fd16e90 nmethod 58474 0x000001740ae83390 code [0x000001740ae83540, 0x000001740ae83788]
Event: 396.182 Thread 0x000001747fd16e90 58475       3       org.jetbrains.kotlin.fir.types.FunctionalTypeUtilsKt::isSuspendOrKSuspendFunctionType (75 bytes)
Event: 396.183 Thread 0x000001747fd16e90 nmethod 58475 0x000001740bb1e390 code [0x000001740bb1e780, 0x000001740bb200d8]
Event: 396.205 Thread 0x000001747fd14910 nmethod 58432 0x0000017411751910 code [0x0000017411751b60, 0x0000017411752d90]
Event: 396.205 Thread 0x000001747fd14910 58388       4       org.jetbrains.kotlin.fir.declarations.builder.FirSimpleFunctionBuilder::<init> (89 bytes)
Event: 396.216 Thread 0x000001747fd14910 nmethod 58388 0x0000017410230590 code [0x0000017410230760, 0x00000174102310f8]
Event: 396.216 Thread 0x000001747fd14910 58476       4       java.nio.HeapByteBuffer::compact (85 bytes)
Event: 396.219 Thread 0x000001747fd14910 nmethod 58476 0x000001740f95c810 code [0x000001740f95c9a0, 0x000001740f95cbb8]
Event: 396.232 Thread 0x000001744e16c3b0 nmethod 58387 0x000001741190c790 code [0x000001741190cf80, 0x0000017411914870]
Event: 396.530 Thread 0x000001744e16c3b0 58477       4       sun.nio.cs.StreamDecoder::implRead (232 bytes)
Event: 396.571 Thread 0x000001747fd14910 58478   !   4       sun.nio.cs.StreamDecoder::read (220 bytes)
Event: 396.676 Thread 0x000001744e16c3b0 nmethod 58477 0x00000174118e3710 code [0x00000174118e3aa0, 0x00000174118e5570]
Event: 396.744 Thread 0x000001747fd14910 nmethod 58478 0x00000174117bbe10 code [0x00000174117bc1a0, 0x00000174117be150]
Event: 396.816 Thread 0x000001747fd14910 58479       4       java.io.InputStreamReader::read (11 bytes)
Event: 396.816 Thread 0x000001747fd14910 nmethod 58479 0x000001741092b990 code [0x000001741092bb20, 0x000001741092bbe8]

GC Heap History (20 events):
Event: 377.257 GC heap after
{Heap after GC invocations=159 (full 0):
 garbage-first heap   total 1413120K, used 1084273K [0x0000000760000000, 0x0000000800000000)
  region size 2048K, 6 young (12288K), 6 survivors (12288K)
 Metaspace       used 290469K, committed 292992K, reserved 688128K
  class space    used 36689K, committed 37952K, reserved 425984K
}
Event: 377.512 GC heap before
{Heap before GC invocations=159 (full 0):
 garbage-first heap   total 1413120K, used 1244017K [0x0000000760000000, 0x0000000800000000)
  region size 2048K, 84 young (172032K), 6 survivors (12288K)
 Metaspace       used 290469K, committed 292992K, reserved 688128K
  class space    used 36689K, committed 37952K, reserved 425984K
}
Event: 377.532 GC heap after
{Heap after GC invocations=160 (full 0):
 garbage-first heap   total 1413120K, used 1090826K [0x0000000760000000, 0x0000000800000000)
  region size 2048K, 9 young (18432K), 9 survivors (18432K)
 Metaspace       used 290469K, committed 292992K, reserved 688128K
  class space    used 36689K, committed 37952K, reserved 425984K
}
Event: 377.800 GC heap before
{Heap before GC invocations=160 (full 0):
 garbage-first heap   total 1413120K, used 1248522K [0x0000000760000000, 0x0000000800000000)
  region size 2048K, 86 young (176128K), 9 survivors (18432K)
 Metaspace       used 290469K, committed 292992K, reserved 688128K
  class space    used 36689K, committed 37952K, reserved 425984K
}
Event: 377.821 GC heap after
{Heap after GC invocations=161 (full 0):
 garbage-first heap   total 1413120K, used 1099347K [0x0000000760000000, 0x0000000800000000)
  region size 2048K, 8 young (16384K), 8 survivors (16384K)
 Metaspace       used 290469K, committed 292992K, reserved 688128K
  class space    used 36689K, committed 37952K, reserved 425984K
}
Event: 378.233 GC heap before
{Heap before GC invocations=161 (full 0):
 garbage-first heap   total 1413120K, used 1187411K [0x0000000760000000, 0x0000000800000000)
  region size 2048K, 43 young (88064K), 8 survivors (16384K)
 Metaspace       used 290474K, committed 292992K, reserved 688128K
  class space    used 36689K, committed 37952K, reserved 425984K
}
Event: 378.263 GC heap after
{Heap after GC invocations=162 (full 0):
 garbage-first heap   total 1413120K, used 1123646K [0x0000000760000000, 0x0000000800000000)
  region size 2048K, 8 young (16384K), 8 survivors (16384K)
 Metaspace       used 290474K, committed 292992K, reserved 688128K
  class space    used 36689K, committed 37952K, reserved 425984K
}
Event: 378.283 GC heap before
{Heap before GC invocations=162 (full 0):
 garbage-first heap   total 1413120K, used 1137982K [0x0000000760000000, 0x0000000800000000)
  region size 2048K, 9 young (18432K), 8 survivors (16384K)
 Metaspace       used 290474K, committed 292992K, reserved 688128K
  class space    used 36689K, committed 37952K, reserved 425984K
}
Event: 378.309 GC heap after
{Heap after GC invocations=163 (full 0):
 garbage-first heap   total 1413120K, used 1106272K [0x0000000760000000, 0x0000000800000000)
  region size 2048K, 4 young (8192K), 4 survivors (8192K)
 Metaspace       used 290474K, committed 292992K, reserved 688128K
  class space    used 36689K, committed 37952K, reserved 425984K
}
Event: 378.327 GC heap before
{Heap before GC invocations=163 (full 0):
 garbage-first heap   total 1413120K, used 1120608K [0x0000000760000000, 0x0000000800000000)
  region size 2048K, 5 young (10240K), 4 survivors (8192K)
 Metaspace       used 290474K, committed 292992K, reserved 688128K
  class space    used 36689K, committed 37952K, reserved 425984K
}
Event: 378.356 GC heap after
{Heap after GC invocations=164 (full 0):
 garbage-first heap   total 1413120K, used 1119229K [0x0000000760000000, 0x0000000800000000)
  region size 2048K, 3 young (6144K), 3 survivors (6144K)
 Metaspace       used 290474K, committed 292992K, reserved 688128K
  class space    used 36689K, committed 37952K, reserved 425984K
}
Event: 383.431 GC heap before
{Heap before GC invocations=165 (full 0):
 garbage-first heap   total 1413120K, used 742397K [0x0000000760000000, 0x0000000800000000)
  region size 2048K, 70 young (143360K), 3 survivors (6144K)
 Metaspace       used 290696K, committed 293248K, reserved 688128K
  class space    used 36733K, committed 38016K, reserved 425984K
}
Event: 383.485 GC heap after
{Heap after GC invocations=166 (full 0):
 garbage-first heap   total 1413120K, used 630214K [0x0000000760000000, 0x0000000800000000)
  region size 2048K, 9 young (18432K), 9 survivors (18432K)
 Metaspace       used 290696K, committed 293248K, reserved 688128K
  class space    used 36733K, committed 38016K, reserved 425984K
}
Event: 383.747 GC heap before
{Heap before GC invocations=166 (full 0):
 garbage-first heap   total 1413120K, used 681414K [0x0000000760000000, 0x0000000800000000)
  region size 2048K, 34 young (69632K), 9 survivors (18432K)
 Metaspace       used 290711K, committed 293248K, reserved 688128K
  class space    used 36741K, committed 38016K, reserved 425984K
}
Event: 383.792 GC heap after
{Heap after GC invocations=167 (full 0):
 garbage-first heap   total 1413120K, used 519321K [0x0000000760000000, 0x0000000800000000)
  region size 2048K, 4 young (8192K), 4 survivors (8192K)
 Metaspace       used 290711K, committed 293248K, reserved 688128K
  class space    used 36741K, committed 38016K, reserved 425984K
}
Event: 396.571 GC heap before
{Heap before GC invocations=167 (full 0):
 garbage-first heap   total 1413120K, used 1131673K [0x0000000760000000, 0x0000000800000000)
  region size 2048K, 304 young (622592K), 4 survivors (8192K)
 Metaspace       used 294739K, committed 297344K, reserved 688128K
  class space    used 37236K, committed 38528K, reserved 425984K
}
Event: 396.673 GC heap after
{Heap after GC invocations=168 (full 0):
 garbage-first heap   total 1413120K, used 609219K [0x0000000760000000, 0x0000000800000000)
  region size 2048K, 38 young (77824K), 38 survivors (77824K)
 Metaspace       used 294739K, committed 297344K, reserved 688128K
  class space    used 37236K, committed 38528K, reserved 425984K
}
Event: 397.170 GC heap before
{Heap before GC invocations=168 (full 0):
 garbage-first heap   total 1413120K, used 1094595K [0x0000000760000000, 0x0000000800000000)
  region size 2048K, 275 young (563200K), 38 survivors (77824K)
 Metaspace       used 294739K, committed 297344K, reserved 688128K
  class space    used 37236K, committed 38528K, reserved 425984K
}
Event: 397.280 GC heap after
{Heap after GC invocations=169 (full 0):
 garbage-first heap   total 1413120K, used 636928K [0x0000000760000000, 0x0000000800000000)
  region size 2048K, 13 young (26624K), 13 survivors (26624K)
 Metaspace       used 294739K, committed 297344K, reserved 688128K
  class space    used 37236K, committed 38528K, reserved 425984K
}
Event: 397.807 GC heap before
{Heap before GC invocations=169 (full 0):
 garbage-first heap   total 1413120K, used 1128448K [0x0000000760000000, 0x0000000800000000)
  region size 2048K, 253 young (518144K), 13 survivors (26624K)
 Metaspace       used 294739K, committed 297344K, reserved 688128K
  class space    used 37236K, committed 38528K, reserved 425984K
}

Dll operation events (17 events):
Event: 0.014 Loaded shared library C:\Program Files\Eclipse Adoptium\jdk-17.0.20.8-hotspot\bin\java.dll
Event: 0.028 Loaded shared library C:\Program Files\Eclipse Adoptium\jdk-17.0.20.8-hotspot\bin\jsvml.dll
Event: 0.079 Loaded shared library C:\Program Files\Eclipse Adoptium\jdk-17.0.20.8-hotspot\bin\zip.dll
Event: 0.082 Loaded shared library C:\Program Files\Eclipse Adoptium\jdk-17.0.20.8-hotspot\bin\instrument.dll
Event: 0.087 Loaded shared library C:\Program Files\Eclipse Adoptium\jdk-17.0.20.8-hotspot\bin\net.dll
Event: 0.088 Loaded shared library C:\Program Files\Eclipse Adoptium\jdk-17.0.20.8-hotspot\bin\nio.dll
Event: 0.090 Loaded shared library C:\Program Files\Eclipse Adoptium\jdk-17.0.20.8-hotspot\bin\zip.dll
Event: 0.403 Loaded shared library C:\Program Files\Eclipse Adoptium\jdk-17.0.20.8-hotspot\bin\jimage.dll
Event: 0.738 Loaded shared library C:\Program Files\Eclipse Adoptium\jdk-17.0.20.8-hotspot\bin\verify.dll
Event: 0.787 Loaded shared library C:\Users\Admin\.gradle\native\660c5614fbf4a5f2a75b1949f50a0caf5cd603558e7d8a26e50b933a0cfb79d1\windows-amd64\native-platform.dll
Event: 0.805 Loaded shared library C:\Users\Admin\.gradle\native\0.2.8\x86_64-windows-gnu\gradle-fileevents.dll
Event: 2.162 Loaded shared library C:\Program Files\Eclipse Adoptium\jdk-17.0.20.8-hotspot\bin\management.dll
Event: 2.165 Loaded shared library C:\Program Files\Eclipse Adoptium\jdk-17.0.20.8-hotspot\bin\management_ext.dll
Event: 2.369 Loaded shared library C:\Program Files\Eclipse Adoptium\jdk-17.0.20.8-hotspot\bin\extnet.dll
Event: 2.608 Loaded shared library C:\Program Files\Eclipse Adoptium\jdk-17.0.20.8-hotspot\bin\sunmscapi.dll
Event: 239.002 Loaded shared library C:\Program Files\Eclipse Adoptium\jdk-17.0.20.8-hotspot\bin\rmi.dll
Event: 342.683 Loaded shared library C:\Program Files\Eclipse Adoptium\jdk-17.0.20.8-hotspot\bin\awt.dll

Deoptimization events (20 events):
Event: 395.775 Thread 0x000001744682ab70 Uncommon trap: trap_request=0xffffff66 fr.pc=0x00000174115db79c relative=0x0000000000000d9c
Event: 395.775 Thread 0x000001744682ab70 Uncommon trap: reason=speculate_class_check action=maybe_recompile pc=0x00000174115db79c method=org.jetbrains.kotlin.fir.ClassMembersKt.dispatchReceiverClassTypeOrNull(Lorg/jetbrains/kotlin/fir/declarations/FirCallableDeclaration;)Lorg/jetbrains/kotlin/fi
Event: 395.775 Thread 0x000001744682ab70 DEOPT PACKING pc=0x00000174115db79c sp=0x00000021d00f5740
Event: 395.775 Thread 0x000001744682ab70 DEOPT UNPACKING pc=0x000001740f0569a3 sp=0x00000021d00f5480 mode 2
Event: 395.995 Thread 0x000001744682ab70 Uncommon trap: trap_request=0xffffffc6 fr.pc=0x000001740fb7341c relative=0x000000000000007c
Event: 395.995 Thread 0x000001744682ab70 Uncommon trap: reason=bimorphic_or_optimized_type_check action=maybe_recompile pc=0x000001740fb7341c method=java.util.AbstractMap.isEmpty()Z @ 1 c2
Event: 395.995 Thread 0x000001744682ab70 DEOPT PACKING pc=0x000001740fb7341c sp=0x00000021d00f4a80
Event: 395.995 Thread 0x000001744682ab70 DEOPT UNPACKING pc=0x000001740f0569a3 sp=0x00000021d00f4a10 mode 2
Event: 396.005 Thread 0x000001744682ab70 Uncommon trap: trap_request=0xffffff45 fr.pc=0x00000174110572e8 relative=0x0000000000000b68
Event: 396.005 Thread 0x000001744682ab70 Uncommon trap: reason=unstable_if action=reinterpret pc=0x00000174110572e8 method=org.jetbrains.kotlin.builtins.functions.FunctionTypeKindExtractor.toInt(Ljava/lang/String;)Ljava/lang/Integer; @ 9 c2
Event: 396.005 Thread 0x000001744682ab70 DEOPT PACKING pc=0x00000174110572e8 sp=0x00000021d00fae20
Event: 396.005 Thread 0x000001744682ab70 DEOPT UNPACKING pc=0x000001740f0569a3 sp=0x00000021d00fad78 mode 2
Event: 396.047 Thread 0x000001744682ab70 Uncommon trap: trap_request=0xffffff45 fr.pc=0x0000017411810624 relative=0x0000000000000ce4
Event: 396.047 Thread 0x000001744682ab70 Uncommon trap: reason=unstable_if action=reinterpret pc=0x0000017411810624 method=org.jetbrains.kotlin.fir.resolve.substitution.ConeSubstitutorByMap$Companion.create(Ljava/util/Map;Lorg/jetbrains/kotlin/fir/FirSession;Z)Lorg/jetbrains/kotlin/fir/resolve/s
Event: 396.047 Thread 0x000001744682ab70 DEOPT PACKING pc=0x0000017411810624 sp=0x00000021d00fbbb0
Event: 396.047 Thread 0x000001744682ab70 DEOPT UNPACKING pc=0x000001740f0569a3 sp=0x00000021d00fbb38 mode 2
Event: 396.980 Thread 0x0000017446b3c3f0 Uncommon trap: trap_request=0xffffff45 fr.pc=0x000001741110af04 relative=0x00000000000000e4
Event: 396.980 Thread 0x0000017446b3c3f0 Uncommon trap: reason=unstable_if action=reinterpret pc=0x000001741110af04 method=com.github.benmanes.caffeine.cache.PW.getValue()Ljava/lang/Object; @ 14 c2
Event: 396.980 Thread 0x0000017446b3c3f0 DEOPT PACKING pc=0x000001741110af04 sp=0x00000021d36fe530
Event: 396.980 Thread 0x0000017446b3c3f0 DEOPT UNPACKING pc=0x000001740f0569a3 sp=0x00000021d36fe4d8 mode 2

Classes loaded (20 events):
Event: 370.817 Loading class sun/net/www/http/ChunkedInputStream
Event: 370.821 Loading class sun/net/www/http/ChunkedInputStream done
Event: 382.916 Loading class java/lang/org$apache$tools$ant$taskdefs$condition$Os
Event: 382.916 Loading class java/lang/org$apache$tools$ant$taskdefs$condition$Os done
Event: 382.916 Loading class java/util/org$apache$tools$ant$taskdefs$condition$Os
Event: 382.916 Loading class java/util/org$apache$tools$ant$taskdefs$condition$Os done
Event: 382.916 Loading class java/io/org$apache$tools$ant$taskdefs$condition$Os
Event: 382.916 Loading class java/io/org$apache$tools$ant$taskdefs$condition$Os done
Event: 382.916 Loading class java/net/org$apache$tools$ant$taskdefs$condition$Os
Event: 382.916 Loading class java/net/org$apache$tools$ant$taskdefs$condition$Os done
Event: 382.987 Loading class java/lang/Exec
Event: 382.987 Loading class java/lang/Exec done
Event: 382.987 Loading class java/util/Exec
Event: 382.987 Loading class java/util/Exec done
Event: 382.987 Loading class java/io/Exec
Event: 382.987 Loading class java/io/Exec done
Event: 382.988 Loading class java/net/Exec
Event: 382.988 Loading class java/net/Exec done
Event: 382.992 Loading class java/lang/Object$FAMILY_WINDOWS
Event: 382.992 Loading class java/lang/Object$FAMILY_WINDOWS done

Classes unloaded (20 events):
Event: 296.694 Thread 0x000001747fce07f0 Unloading class 0x000001741e692ff8 'jdk/internal/jimage/ImageHeader'
Event: 296.694 Thread 0x000001747fce07f0 Unloading class 0x000001741e692dc8 'jdk/internal/jimage/BasicImageReader$2'
Event: 296.694 Thread 0x000001747fce07f0 Unloading class 0x000001741e692b98 'jdk/internal/jimage/BasicImageReader$1'
Event: 296.694 Thread 0x000001747fce07f0 Unloading class 0x000001741e692930 'jdk/internal/jimage/ImageReader$Resource'
Event: 296.694 Thread 0x000001747fce07f0 Unloading class 0x000001741e6926c8 'jdk/internal/jimage/ImageReader$LinkNode'
Event: 296.694 Thread 0x000001747fce07f0 Unloading class 0x000001741e692460 'jdk/internal/jimage/ImageReader$Directory'
Event: 296.694 Thread 0x000001747fce07f0 Unloading class 0x000001741e6921f8 'jdk/internal/jimage/ImageReader$Node'
Event: 296.694 Thread 0x000001747fce07f0 Unloading class 0x000001741e692000 'jdk/internal/jimage/ImageStrings'
Event: 296.694 Thread 0x000001747fce07f0 Unloading class 0x000001741e691b50 'jdk/internal/jimage/ImageReader$SharedImageReader'
Event: 296.694 Thread 0x000001747fce07f0 Unloading class 0x000001741e691890 'jdk/internal/jimage/BasicImageReader'
Event: 296.694 Thread 0x000001747fce07f0 Unloading class 0x000001741e691670 'jdk/internal/jimage/ImageReader'
Event: 296.694 Thread 0x000001747fce07f0 Unloading class 0x000001741e691448 'jdk/internal/jrtfs/SystemImage$2'
Event: 296.694 Thread 0x000001747fce07f0 Unloading class 0x000001741e691230 'jdk/internal/jrtfs/SystemImage$$Lambda$3191+0x000001741e691230'
Event: 296.694 Thread 0x000001747fce07f0 Unloading class 0x000001741e691000 'jdk/internal/jrtfs/ExplodedImage'
Event: 296.694 Thread 0x000001747fce07f0 Unloading class 0x000001741e690dc8 'jdk/internal/jrtfs/SystemImage$1'
Event: 296.694 Thread 0x000001747fce07f0 Unloading class 0x000001741e690bb0 'jdk/internal/jrtfs/SystemImage'
Event: 296.694 Thread 0x000001747fce07f0 Unloading class 0x000001741e690950 'jdk/internal/jrtfs/JrtFileStore'
Event: 296.694 Thread 0x000001747fce07f0 Unloading class 0x000001741e6905d8 'jdk/internal/jrtfs/JrtPath'
Event: 296.694 Thread 0x000001747fce07f0 Unloading class 0x000001741e6902e0 'jdk/internal/jrtfs/JrtFileSystem'
Event: 296.694 Thread 0x000001747fce07f0 Unloading class 0x000001741e690000 'jdk/internal/jrtfs/JrtFileSystemProvider'

Classes redefined (0 events):
No events

Internal exceptions (20 events):
Event: 383.198 Thread 0x000001744682ab70 Exception <a 'sun/nio/fs/WindowsException'{0x00000007ae3101b8}> (0x00000007ae3101b8) 
thrown [s\src\hotspot\share\prims\jni.cpp, line 516]
Event: 383.198 Thread 0x000001744682ab70 Exception <a 'sun/nio/fs/WindowsException'{0x00000007ae310ec8}> (0x00000007ae310ec8) 
thrown [s\src\hotspot\share\prims\jni.cpp, line 516]
Event: 383.199 Thread 0x000001744682ab70 Exception <a 'sun/nio/fs/WindowsException'{0x00000007ae311ca0}> (0x00000007ae311ca0) 
thrown [s\src\hotspot\share\prims\jni.cpp, line 516]
Event: 384.290 Thread 0x000001744682ab70 Implicit null exception at 0x0000017410752a4c to 0x0000017410752b54
Event: 384.291 Thread 0x000001744682ab70 Implicit null exception at 0x00000174114ab980 to 0x00000174114b37a8
Event: 384.291 Thread 0x000001744682ab70 Implicit null exception at 0x00000174114ab980 to 0x00000174114b37a8
Event: 384.291 Thread 0x000001744682ab70 Implicit null exception at 0x00000174114ab980 to 0x00000174114b37a8
Event: 384.291 Thread 0x000001744682ab70 Implicit null exception at 0x00000174114ab980 to 0x00000174114b37a8
Event: 384.291 Thread 0x000001744682ab70 Implicit null exception at 0x00000174114ab980 to 0x00000174114b37a8
Event: 384.291 Thread 0x000001744682ab70 Implicit null exception at 0x00000174114ab980 to 0x00000174114b37a8
Event: 384.291 Thread 0x000001744682ab70 Implicit null exception at 0x00000174114ab980 to 0x00000174114b37a8
Event: 384.291 Thread 0x000001744682ab70 Implicit null exception at 0x00000174114ab980 to 0x00000174114b37a8
Event: 384.291 Thread 0x000001744682ab70 Implicit null exception at 0x00000174114ab980 to 0x00000174114b37a8
Event: 384.291 Thread 0x000001744682ab70 Implicit null exception at 0x00000174114ab980 to 0x00000174114b37a8
Event: 384.291 Thread 0x000001744682ab70 Implicit null exception at 0x00000174114ab980 to 0x00000174114b37a8
Event: 384.291 Thread 0x000001744682ab70 Implicit null exception at 0x000001741145f3eb to 0x000001741145fccc
Event: 384.702 Thread 0x000001744682ab70 Implicit null exception at 0x0000017411657db2 to 0x000001741165f21c
Event: 387.783 Thread 0x000001744682ab70 Implicit null exception at 0x0000017411515af5 to 0x000001741151d2d0
Event: 390.177 Thread 0x000001744682ab70 Implicit null exception at 0x000001740fe6b734 to 0x000001740fe6b95c
Event: 394.225 Thread 0x000001744682ab70 Implicit null exception at 0x000001741189b5ab to 0x000001741189bbd8

VM Operations (20 events):
Event: 395.270 Executing VM operation: HandshakeAllThreads done
Event: 395.323 Executing VM operation: HandshakeAllThreads
Event: 395.324 Executing VM operation: HandshakeAllThreads done
Event: 395.329 Executing VM operation: HandshakeAllThreads
Event: 395.329 Executing VM operation: HandshakeAllThreads done
Event: 395.331 Executing VM operation: ICBufferFull
Event: 395.331 Executing VM operation: ICBufferFull done
Event: 395.479 Executing VM operation: HandshakeAllThreads
Event: 395.479 Executing VM operation: HandshakeAllThreads done
Event: 395.645 Executing VM operation: HandshakeAllThreads
Event: 395.645 Executing VM operation: HandshakeAllThreads done
Event: 395.718 Executing VM operation: ICBufferFull
Event: 395.718 Executing VM operation: ICBufferFull done
Event: 396.154 Executing VM operation: HandshakeAllThreads
Event: 396.156 Executing VM operation: HandshakeAllThreads done
Event: 396.571 Executing VM operation: G1CollectForAllocation
Event: 396.673 Executing VM operation: G1CollectForAllocation done
Event: 397.170 Executing VM operation: G1CollectForAllocation
Event: 397.280 Executing VM operation: G1CollectForAllocation done
Event: 397.807 Executing VM operation: G1CollectForAllocation

Memory protections (0 events):
No events

Nmethod flushes (20 events):
Event: 396.235 Thread 0x000001741b4190b0 flushing  nmethod 0x000001740c5f8a90
Event: 396.235 Thread 0x000001741b4190b0 flushing  nmethod 0x000001740c5f8e10
Event: 396.235 Thread 0x000001741b4190b0 flushing  nmethod 0x000001740c606c90
Event: 396.235 Thread 0x000001741b4190b0 flushing  nmethod 0x000001740c64c610
Event: 396.235 Thread 0x000001741b4190b0 flushing  nmethod 0x000001740c651990
Event: 396.235 Thread 0x000001741b4190b0 flushing  nmethod 0x000001740c6bcb10
Event: 396.235 Thread 0x000001741b4190b0 flushing  nmethod 0x000001740c743110
Event: 396.236 Thread 0x000001741b4190b0 flushing  nmethod 0x000001740c85b590
Event: 396.239 Thread 0x000001741b4190b0 flushing  nmethod 0x000001740cce1b10
Event: 396.240 Thread 0x000001741b4190b0 flushing  nmethod 0x000001740ce63910
Event: 396.241 Thread 0x000001741b4190b0 flushing  nmethod 0x000001740ce82b10
Event: 396.242 Thread 0x000001741b4190b0 flushing  nmethod 0x000001740cffec10
Event: 396.243 Thread 0x000001741b4190b0 flushing  nmethod 0x000001740d191c10
Event: 396.243 Thread 0x000001741b4190b0 flushing  nmethod 0x000001740d20f190
Event: 396.243 Thread 0x000001741b4190b0 flushing  nmethod 0x000001740d210990
Event: 396.244 Thread 0x000001741b4190b0 flushing  nmethod 0x000001740d324190
Event: 396.246 Thread 0x000001741b4190b0 flushing  nmethod 0x000001740d542610
Event: 396.246 Thread 0x000001741b4190b0 flushing  nmethod 0x000001740d567510
Event: 396.249 Thread 0x000001741b4190b0 flushing  nmethod 0x000001740d90fa10
Event: 396.253 Thread 0x000001741b4190b0 flushing  nmethod 0x000001740deb1310

Events (20 events):
Event: 367.803 Thread 0x000001743e953880 Thread exited: 0x000001743e953880
Event: 368.057 Thread 0x000001747fd19910 Thread exited: 0x000001747fd19910
Event: 368.244 Thread 0x000001744682ab70 Thread added: 0x00000174418507f0
Event: 368.373 Thread 0x000001747fd14910 Thread added: 0x000001744642ec50
Event: 368.919 Thread 0x000001744642ec50 Thread exited: 0x000001744642ec50
Event: 368.935 Thread 0x000001747fd16e90 Thread added: 0x00000174632aee50
Event: 368.952 Thread 0x000001744682ab70 Thread added: 0x000001744184d040
Event: 368.956 Thread 0x000001744184d040 Thread exited: 0x000001744184d040
Event: 369.262 Thread 0x000001744682ab70 Thread added: 0x0000017448a79f60
Event: 369.263 Thread 0x0000017448a79f60 Thread exited: 0x0000017448a79f60
Event: 369.446 Thread 0x00000174632aee50 Thread exited: 0x00000174632aee50
Event: 369.725 Thread 0x000001744682ab70 Thread added: 0x000001743e953880
Event: 369.725 Thread 0x000001743e953880 Thread exited: 0x000001743e953880
Event: 370.055 Thread 0x000001744682ab70 Thread added: 0x000001743e953880
Event: 370.058 Thread 0x000001743e953880 Thread exited: 0x000001743e953880
Event: 370.383 Thread 0x000001747fd14910 Thread added: 0x000001744642f6f0
Event: 373.245 Thread 0x00000174418507f0 Thread exited: 0x00000174418507f0
Event: 376.930 Thread 0x000001744642f6f0 Thread exited: 0x000001744642f6f0
Event: 378.403 Thread 0x000001747fd16e90 Thread added: 0x000001744e16c3b0
Event: 396.816 Thread 0x000001744e16c3b0 Thread exited: 0x000001744e16c3b0


Dynamic libraries:
0x00007ff762600000 - 0x00007ff76260e000 	C:\Program Files\Eclipse Adoptium\jdk-17.0.20.8-hotspot\bin\java.exe
0x00007ffdbeee0000 - 0x00007ffdbf143000 	C:\Windows\SYSTEM32\ntdll.dll
0x00007ffdbd9e0000 - 0x00007ffdbdaa8000 	C:\Windows\System32\KERNEL32.DLL
0x00007ffdbc2e0000 - 0x00007ffdbc692000 	C:\Windows\System32\KERNELBASE.dll
0x00007ffdbca30000 - 0x00007ffdbcb7b000 	C:\Windows\System32\ucrtbase.dll
0x00007ffdb47e0000 - 0x00007ffdb47f8000 	C:\Program Files\Eclipse Adoptium\jdk-17.0.20.8-hotspot\bin\jli.dll
0x00007ffdb47c0000 - 0x00007ffdb47de000 	C:\Program Files\Eclipse Adoptium\jdk-17.0.20.8-hotspot\bin\VCRUNTIME140.dll
0x00007ffdbdce0000 - 0x00007ffdbdea8000 	C:\Windows\System32\USER32.dll
0x00007ffda97a0000 - 0x00007ffda9a30000 	C:\Windows\WinSxS\amd64_microsoft.windows.common-controls_6595b64144ccf1df_6.0.26100.2454_none_3e0b68a2e331ad60\COMCTL32.dll
0x00007ffdbc2b0000 - 0x00007ffdbc2d7000 	C:\Windows\System32\win32u.dll
0x00007ffdbcd40000 - 0x00007ffdbcde9000 	C:\Windows\System32\msvcrt.dll
0x00007ffdbe9c0000 - 0x00007ffdbe9ea000 	C:\Windows\System32\GDI32.dll
0x00007ffdbcb80000 - 0x00007ffdbccab000 	C:\Windows\System32\gdi32full.dll
0x00007ffdbc760000 - 0x00007ffdbc803000 	C:\Windows\System32\msvcp_win.dll
0x00007ffdbeca0000 - 0x00007ffdbeccf000 	C:\Windows\System32\IMM32.DLL
0x00007ffdb4770000 - 0x00007ffdb477c000 	C:\Program Files\Eclipse Adoptium\jdk-17.0.20.8-hotspot\bin\vcruntime140_1.dll
0x00007ffd8ffb0000 - 0x00007ffd9003d000 	C:\Program Files\Eclipse Adoptium\jdk-17.0.20.8-hotspot\bin\msvcp140.dll
0x00007ffd3c0f0000 - 0x00007ffd3cd5c000 	C:\Program Files\Eclipse Adoptium\jdk-17.0.20.8-hotspot\bin\server\jvm.dll
0x00007ffdbea80000 - 0x00007ffdbeb34000 	C:\Windows\System32\ADVAPI32.dll
0x00007ffdbe0e0000 - 0x00007ffdbe186000 	C:\Windows\System32\sechost.dll
0x00007ffdbdfc0000 - 0x00007ffdbe0d6000 	C:\Windows\System32\RPCRT4.dll
0x00007ffdbeb40000 - 0x00007ffdbebb4000 	C:\Windows\System32\WS2_32.dll
0x00007ffdbc140000 - 0x00007ffdbc18e000 	C:\Windows\SYSTEM32\POWRPROF.dll
0x00007ffda9620000 - 0x00007ffda9656000 	C:\Windows\SYSTEM32\WINMM.dll
0x00007ffda9570000 - 0x00007ffda957b000 	C:\Windows\SYSTEM32\VERSION.dll
0x00007ffdbc120000 - 0x00007ffdbc134000 	C:\Windows\SYSTEM32\UMPDC.dll
0x00007ffdbafd0000 - 0x00007ffdbafea000 	C:\Windows\SYSTEM32\kernel.appcore.dll
0x00007ffdb4760000 - 0x00007ffdb476a000 	C:\Program Files\Eclipse Adoptium\jdk-17.0.20.8-hotspot\bin\jimage.dll
0x00007ffdb9e90000 - 0x00007ffdba0d1000 	C:\Windows\SYSTEM32\DBGHELP.DLL
0x00007ffdbe620000 - 0x00007ffdbe99e000 	C:\Windows\System32\combase.dll
0x00007ffdbebc0000 - 0x00007ffdbec96000 	C:\Windows\System32\OLEAUT32.dll
0x00007ffd793e0000 - 0x00007ffd79419000 	C:\Windows\SYSTEM32\dbgcore.DLL
0x00007ffdbc810000 - 0x00007ffdbc8a9000 	C:\Windows\System32\bcryptPrimitives.dll
0x00007ffd94f90000 - 0x00007ffd94f9e000 	C:\Program Files\Eclipse Adoptium\jdk-17.0.20.8-hotspot\bin\instrument.dll
0x00007ffda57f0000 - 0x00007ffda5815000 	C:\Program Files\Eclipse Adoptium\jdk-17.0.20.8-hotspot\bin\java.dll
0x00007ffd3f230000 - 0x00007ffd3f307000 	C:\Program Files\Eclipse Adoptium\jdk-17.0.20.8-hotspot\bin\jsvml.dll
0x00007ffdbd250000 - 0x00007ffdbd950000 	C:\Windows\System32\SHELL32.dll
0x00007ffdba100000 - 0x00007ffdba931000 	C:\Windows\SYSTEM32\windows.storage.dll
0x00007ffdbcee0000 - 0x00007ffdbcfba000 	C:\Windows\System32\SHCORE.dll
0x00007ffdbdc80000 - 0x00007ffdbdcdd000 	C:\Windows\System32\shlwapi.dll
0x00007ffdbc1c0000 - 0x00007ffdbc1ee000 	C:\Windows\SYSTEM32\profapi.dll
0x00007ffd91150000 - 0x00007ffd91168000 	C:\Program Files\Eclipse Adoptium\jdk-17.0.20.8-hotspot\bin\zip.dll
0x00007ffd934f0000 - 0x00007ffd9350a000 	C:\Program Files\Eclipse Adoptium\jdk-17.0.20.8-hotspot\bin\net.dll
0x00007ffdb5560000 - 0x00007ffdb5686000 	C:\Windows\SYSTEM32\WINHTTP.dll
0x00007ffdbb660000 - 0x00007ffdbb6c8000 	C:\Windows\system32\mswsock.dll
0x00007ffd934d0000 - 0x00007ffd934e6000 	C:\Program Files\Eclipse Adoptium\jdk-17.0.20.8-hotspot\bin\nio.dll
0x00007ffd96720000 - 0x00007ffd96730000 	C:\Program Files\Eclipse Adoptium\jdk-17.0.20.8-hotspot\bin\verify.dll
0x00007ffd90290000 - 0x00007ffd902b7000 	C:\Users\Admin\.gradle\native\660c5614fbf4a5f2a75b1949f50a0caf5cd603558e7d8a26e50b933a0cfb79d1\windows-amd64\native-platform.dll
0x00007ffd46450000 - 0x00007ffd464c7000 	C:\Users\Admin\.gradle\native\0.2.8\x86_64-windows-gnu\gradle-fileevents.dll
0x00007ffda57e0000 - 0x00007ffda57ea000 	C:\Program Files\Eclipse Adoptium\jdk-17.0.20.8-hotspot\bin\management.dll
0x00007ffd9c510000 - 0x00007ffd9c51c000 	C:\Program Files\Eclipse Adoptium\jdk-17.0.20.8-hotspot\bin\management_ext.dll
0x00007ffdbd240000 - 0x00007ffdbd248000 	C:\Windows\System32\PSAPI.DLL
0x00007ffdbac30000 - 0x00007ffdbac62000 	C:\Windows\SYSTEM32\IPHLPAPI.DLL
0x00007ffdbe9b0000 - 0x00007ffdbe9ba000 	C:\Windows\System32\NSI.dll
0x00007ffdb5490000 - 0x00007ffdb54ae000 	C:\Windows\SYSTEM32\dhcpcsvc6.DLL
0x00007ffdb5460000 - 0x00007ffdb5485000 	C:\Windows\SYSTEM32\dhcpcsvc.DLL
0x00007ffdbacc0000 - 0x00007ffdbade5000 	C:\Windows\SYSTEM32\DNSAPI.dll
0x00007ffd9c360000 - 0x00007ffd9c369000 	C:\Program Files\Eclipse Adoptium\jdk-17.0.20.8-hotspot\bin\extnet.dll
0x00007ffdbb900000 - 0x00007ffdbb91c000 	C:\Windows\SYSTEM32\CRYPTSP.dll
0x00007ffdbb170000 - 0x00007ffdbb1a8000 	C:\Windows\system32\rsaenh.dll
0x00007ffdbb700000 - 0x00007ffdbb72b000 	C:\Windows\SYSTEM32\USERENV.dll
0x00007ffdbbb40000 - 0x00007ffdbbb66000 	C:\Windows\SYSTEM32\bcrypt.dll
0x00007ffdbb920000 - 0x00007ffdbb92c000 	C:\Windows\SYSTEM32\CRYPTBASE.dll
0x00007ffd934c0000 - 0x00007ffd934ce000 	C:\Program Files\Eclipse Adoptium\jdk-17.0.20.8-hotspot\bin\sunmscapi.dll
0x00007ffdbc8b0000 - 0x00007ffdbca26000 	C:\Windows\System32\CRYPT32.dll
0x00007ffdbbb00000 - 0x00007ffdbbb30000 	C:\Windows\SYSTEM32\ncrypt.dll
0x00007ffdbbab0000 - 0x00007ffdbbaef000 	C:\Windows\SYSTEM32\NTASN1.dll
0x00007ffd79320000 - 0x00007ffd79328000 	C:\Windows\system32\wshunix.dll
0x00007ffdbb280000 - 0x00007ffdbb2b5000 	C:\Windows\SYSTEM32\ntmarta.dll
0x00007ffdb80e0000 - 0x00007ffdb80e7000 	C:\Program Files\Eclipse Adoptium\jdk-17.0.20.8-hotspot\bin\rmi.dll
0x00007ffd3d480000 - 0x00007ffd3d611000 	C:\Program Files\Eclipse Adoptium\jdk-17.0.20.8-hotspot\bin\awt.dll
0x00007ffdb84c0000 - 0x00007ffdb855c000 	C:\Windows\SYSTEM32\apphelp.dll
0x00007ffdb9440000 - 0x00007ffdb94ed000 	C:\Windows\system32\uxtheme.dll
0x00007ffdbecf0000 - 0x00007ffdbee4c000 	C:\Windows\System32\MSCTF.dll
0x00007ffdbcfc0000 - 0x00007ffdbd159000 	C:\Windows\System32\ole32.dll
0x00007ffdb0320000 - 0x00007ffdb032b000 	C:\Windows\System32\rasadhlp.dll
0x00007ffdb42b0000 - 0x00007ffdb4335000 	C:\Windows\System32\fwpuclnt.dll

dbghelp: loaded successfully - version: 4.0.5 - missing functions: none
symbol engine: initialized successfully - sym options: 0x614 - pdb path: .;C:\Program Files\Eclipse Adoptium\jdk-17.0.20.8-hotspot\bin;C:\Windows\SYSTEM32;C:\Windows\WinSxS\amd64_microsoft.windows.common-controls_6595b64144ccf1df_6.0.26100.2454_none_3e0b68a2e331ad60;C:\Program Files\Eclipse Adoptium\jdk-17.0.20.8-hotspot\bin\server;C:\Users\Admin\.gradle\native\660c5614fbf4a5f2a75b1949f50a0caf5cd603558e7d8a26e50b933a0cfb79d1\windows-amd64;C:\Users\Admin\.gradle\native\0.2.8\x86_64-windows-gnu

VM Arguments:
jvm_args: --add-opens=java.base/java.lang=ALL-UNNAMED --add-opens=java.base/java.lang.invoke=ALL-UNNAMED --add-opens=java.base/java.util=ALL-UNNAMED --add-opens=java.prefs/java.util.prefs=ALL-UNNAMED --add-exports=jdk.compiler/com.sun.tools.javac.api=ALL-UNNAMED --add-exports=jdk.compiler/com.sun.tools.javac.util=ALL-UNNAMED --add-opens=java.base/java.util=ALL-UNNAMED --add-opens=java.prefs/java.util.prefs=ALL-UNNAMED --add-opens=java.base/java.nio.charset=ALL-UNNAMED --add-opens=java.base/java.net=ALL-UNNAMED --add-opens=java.base/java.util.concurrent=ALL-UNNAMED --add-opens=java.base/java.util.concurrent.atomic=ALL-UNNAMED --add-opens=java.xml/javax.xml.namespace=ALL-UNNAMED --add-opens=java.base/java.time=ALL-UNNAMED -XX:MaxMetaspaceSize=512m -XX:+UseG1GC -Xmx2560m -Dfile.encoding=windows-1252 -Duser.country=GB -Duser.language=en -Duser.variant -javaagent:C:\Users\Admin\.gradle\wrapper\dists\gradle-9.3.1-bin\23ovyewtku6u96viwx3xl3oks\gradle-9.3.1\lib\agents\gradle-instrumentation-agent-9.3.1.jar 
java_command: org.gradle.launcher.daemon.bootstrap.GradleDaemon 9.3.1
java_class_path (initial): C:\Users\Admin\.gradle\wrapper\dists\gradle-9.3.1-bin\23ovyewtku6u96viwx3xl3oks\gradle-9.3.1\lib\gradle-daemon-main-9.3.1.jar
Launcher Type: SUN_STANDARD

[Global flags]
     intx CICompilerCount                          = 3                                         {product} {ergonomic}
   size_t CompressedClassSpaceSize                 = 436207616                                 {product} {ergonomic}
     uint ConcGCThreads                            = 1                                         {product} {ergonomic}
     uint G1ConcRefinementThreads                  = 4                                         {product} {ergonomic}
   size_t G1HeapRegionSize                         = 2097152                                   {product} {ergonomic}
    uintx GCDrainStackTargetSize                   = 64                                        {product} {ergonomic}
   size_t InitialHeapSize                          = 268435456                                 {product} {ergonomic}
   size_t MarkStackSize                            = 4194304                                   {product} {ergonomic}
   size_t MaxHeapSize                              = 2684354560                                {product} {command line}
   size_t MaxMetaspaceSize                         = 536870912                                 {product} {command line}
   size_t MaxNewSize                               = 1610612736                                {product} {ergonomic}
   size_t MinHeapDeltaBytes                        = 2097152                                   {product} {ergonomic}
   size_t MinHeapSize                              = 8388608                                   {product} {ergonomic}
    uintx NonNMethodCodeHeapSize                   = 5832780                                {pd product} {ergonomic}
    uintx NonProfiledCodeHeapSize                  = 122912730                              {pd product} {ergonomic}
    uintx ProfiledCodeHeapSize                     = 122912730                              {pd product} {ergonomic}
    uintx ReservedCodeCacheSize                    = 251658240                              {pd product} {ergonomic}
     bool SegmentedCodeCache                       = true                                      {product} {ergonomic}
   size_t SoftMaxHeapSize                          = 2684354560                             {manageable} {ergonomic}
     bool UseCompressedClassPointers               = true                           {product lp64_product} {ergonomic}
     bool UseCompressedOops                        = true                           {product lp64_product} {ergonomic}
     bool UseG1GC                                  = true                                      {product} {command line}
     bool UseLargePagesIndividualAllocation        = false                                  {pd product} {ergonomic}

Logging:
Log output configuration:
 #0: stdout all=warning uptime,level,tags
 #1: stderr all=off uptime,level,tags

Environment Variables:
JAVA_HOME=C:\Program Files\Eclipse Adoptium\jdk-17.0.20.8-hotspot\
PATH=C:/Users/Admin/.gemini/antigravity-cli/bin;C:\Program Files\Alacritty\;C:\Program Files\Eclipse Adoptium\jdk-17.0.20.8-hotspot\bin;C:\Python314\Scripts\;C:\Python314\;C:\Windows\system32;C:\Windows;C:\Windows\System32\Wbem;C:\Windows\System32\WindowsPowerShell\v1.0\;C:\Windows\System32\OpenSSH\;C:\ProgramData\chocolatey\bin;C:\Program Files\Microsoft VS Code\bin;C:\Program Files\nodejs\;C:\Program Files\Git\cmd;C:\ProgramData\file-writer-tool;C:\ProgramData\mingw64\mingw64\bin;C:\Program Files (x86)\Tools Installer;C:\Users\Admin\AppData\Local\agy\bin;C:\Users\Admin\AppData\Local\Microsoft\WindowsApps;C:\Users\Admin\AppData\Local\Programs\Antigravity IDE\bin;C:\Users\Admin\AppData\Roaming\npm;C:\Users\Admin\AppData\Local\Microsoft\WinGet\Links;;C:\ProgramData\file-writer-tool
USERNAME=Admin
TERM=xterm-256color
OS=Windows_NT
PROCESSOR_IDENTIFIER=Intel64 Family 6 Model 78 Stepping 3, GenuineIntel
TMP=C:\Users\Admin\AppData\Local\Temp
TEMP=C:\Users\Admin\AppData\Local\Temp



Periodic native trim disabled


---------------  S Y S T E M  ---------------

OS:
 Windows 11 , 64 bit Build 26100 (10.0.26100.2454)
OS uptime: 1 days 23:30 hours

CPU: total 4 (initial active 4) (2 cores per cpu, 2 threads per core) family 6 model 78 stepping 3 microcode 0xf0, cx8, cmov, fxsr, ht, mmx, 3dnowpref, sse, sse2, sse3, ssse3, sse4.1, sse4.2, popcnt, lzcnt, tsc, tscinvbit, avx, avx2, aes, erms, clmul, bmi1, bmi2, rtm, adx, fma, vzeroupper, clflush, clflushopt
Processor Information for all 4 processors :
  Max Mhz: 2501, Current Mhz: 2501, Mhz Limit: 2501

Memory: 4k page, system-wide physical 16287M (874M free)
TotalPageFile size 24479M (AvailPageFile size 218M)
current process WorkingSet (physical memory assigned to process): 2140M, peak: 2147M
current process commit charge ("private bytes"): 2169M, peak: 2491M

vm_info: OpenJDK 64-Bit Server VM (17.0.20+8) for windows-amd64 JRE (17.0.20+8), built on Jul 22 2026 00:41:45 by "admin" with MS VC++ 17.12 (VS2022)

END.
